Date	Price	Open	High	Low	Vol.	Change %
"May 21, 2018"	0.023632	0.023871	0.023889	0.023179	9.92	-0.01
"May 20, 2018"	0.02388	0.024	0.024125	0.023798	6.44	-0.01
"May 19, 2018"	0.024	0.024755	0.024845	0.0239	9.92	-0.03
"May 18, 2018"	0.024749	0.023625	0.0257	0.0232	23.15	0.05
"May 17, 2018"	0.023673	0.02381	0.02433	0.023603	9.18	-0.01
"May 16, 2018"	0.023805	0.023965	0.024133	0.023564	9.20	-0.01
"May 15, 2018"	0.023965	0.024553	0.024995	0.0238	11.43	-0.02
"May 14, 2018"	0.024553	0.02389	0.0248	0.023522	13.24	0.03
"May 13, 2018"	0.02389	0.023715	0.024564	0.0237	7.60	0.01
"May 12, 2018"	0.023715	0.023422	0.023951	0.023125	9.70	0.01
"May 11, 2018"	0.023422	0.024001	0.024051	0.023015	13.99	-0.02
"May 10, 2018"	0.024001	0.024294	0.024987	0.024001	10.74	-0.01
"May 09, 2018"	0.024294	0.024341	0.0251	0.023925	8.25	0.00
"May 08, 2018"	0.024341	0.024832	0.024985	0.024059	10.34	-0.02
"May 07, 2018"	0.024888	0.02443	0.025098	0.023989	13.60	0.02
"May 06, 2018"	0.02447	0.0245	0.025359	0.0243	10.54	0.00
"May 05, 2018"	0.0245	0.024945	0.025792	0.0245	18.93	-0.02
"May 04, 2018"	0.024945	0.025175	0.025785	0.024726	16.00	-0.01
"May 03, 2018"	0.025175	0.026913	0.02699	0.025016	21.10	-0.06
"May 02, 2018"	0.026913	0.02629	0.0275	0.026281	14.58	0.02
"May 01, 2018"	0.02629	0.02602	0.026691	0.02562	11.17	0.01
"Apr 30, 2018"	0.026065	0.02714	0.0276	0.0259	21.53	-0.04
"Apr 29, 2018"	0.02714	0.027865	0.02794	0.026349	20.90	-0.03
"Apr 28, 2018"	0.027865	0.02805	0.028397	0.0273	13.01	-0.01
"Apr 27, 2018"	0.02805	0.0289	0.028997	0.027559	17.48	-0.03
"Apr 26, 2018"	0.0289	0.0288	0.031499	0.028375	27.40	0.00
"Apr 25, 2018"	0.0288	0.030285	0.030291	0.0272	45.62	-0.05
"Apr 24, 2018"	0.03024	0.031508	0.032	0.030125	20.79	-0.04
"Apr 23, 2018"	0.031508	0.03054	0.031975	0.02808	20.43	0.03
"Apr 22, 2018"	0.030535	0.028625	0.031783	0.024658	34.21	0.07
"Apr 21, 2018"	0.028625	0.030564	0.0307	0.02765	23.07	-0.06
"Apr 20, 2018"	0.030564	0.028592	0.0307	0.028557	33.07	0.07
"Apr 19, 2018"	0.028592	0.02801	0.028972	0.027494	17.15	0.02
"Apr 18, 2018"	0.02801	0.0247	0.029048	0.0247	45.20	0.13
"Apr 17, 2018"	0.0247	0.024055	0.024974	0.023995	14.49	0.03
"Apr 16, 2018"	0.024055	0.02402	0.0243	0.023777	7.54	0.00
"Apr 15, 2018"	0.02402	0.0238	0.024486	0.0237	7.81	0.01
"Apr 14, 2018"	0.0238	0.02388	0.024252	0.0237	5.72	0.00
"Apr 13, 2018"	0.02388	0.024349	0.0246	0.023802	14.41	-0.02
"Apr 12, 2018"	0.024349	0.02426	0.02472	0.02379	23.00	0.00
"Apr 11, 2018"	0.02426	0.024101	0.024339	0.0237	16.89	0.01
"Apr 10, 2018"	0.024101	0.024505	0.0246	0.02403	10.69	-0.02
"Apr 09, 2018"	0.024505	0.02465	0.0251	0.024428	4.72	-0.01
"Apr 08, 2018"	0.02465	0.02455	0.024781	0.02403	4.26	0.00
"Apr 07, 2018"	0.02455	0.02442	0.024824	0.024293	4.80	0.01
"Apr 06, 2018"	0.02442	0.025443	0.026	0.0244	16.81	-0.04
"Apr 05, 2018"	0.025443	0.024805	0.02571	0.0248	6.21	0.03
"Apr 04, 2018"	0.024805	0.025439	0.025478	0.0248	7.18	-0.02
"Apr 03, 2018"	0.025439	0.024975	0.025478	0.0247	9.01	0.02
"Apr 02, 2018"	0.024975	0.02559	0.025775	0.0249	9.21	-0.02
"Apr 01, 2018"	0.02559	0.02563	0.026	0.02515	10.82	0.00
"Mar 31, 2018"	0.02563	0.025085	0.0258	0.024903	10.83	0.02
"Mar 30, 2018"	0.02506	0.0247	0.025307	0.024	26.10	0.01
"Mar 29, 2018"	0.0247	0.025039	0.025299	0.02448	15.25	-0.01
"Mar 28, 2018"	0.025039	0.024	0.025227	0.023864	9.97	0.04
"Mar 27, 2018"	0.024	0.02395	0.02428	0.023102	21.26	0.00
"Mar 26, 2018"	0.02395	0.024881	0.024975	0.0238	10.95	-0.04
"Mar 25, 2018"	0.024881	0.0242	0.024904	0.023816	9.56	0.03
"Mar 24, 2018"	0.0242	0.0241	0.024318	0.023875	6.95	0.00
"Mar 23, 2018"	0.0241	0.024204	0.0252	0.023641	13.87	0.00
"Mar 22, 2018"	0.024204	0.024429	0.024722	0.023879	8.93	-0.01
"Mar 21, 2018"	0.024429	0.025015	0.025959	0.02426	18.78	-0.02
"Mar 20, 2018"	0.025015	0.025212	0.025812	0.0246	11.29	-0.01
"Mar 19, 2018"	0.025212	0.025415	0.025899	0.024622	18.86	-0.01
"Mar 18, 2018"	0.025415	0.024915	0.0255	0.0234	29.96	0.02
"Mar 17, 2018"	0.024915	0.025863	0.02604	0.0247	14.07	-0.04
"Mar 16, 2018"	0.025863	0.02568	0.026002	0.024935	18.47	0.01
"Mar 15, 2018"	0.02568	0.025982	0.027385	0.024935	30.71	-0.01
"Mar 14, 2018"	0.025981	0.026917	0.02747	0.02565	36.03	-0.03
"Mar 13, 2018"	0.026917	0.028162	0.028277	0.0269	23.90	-0.04
"Mar 12, 2018"	0.028162	0.029307	0.0294	0.027795	28.96	-0.04
"Mar 11, 2018"	0.029307	0.028876	0.029581	0.0288	13.47	0.01
"Mar 10, 2018"	0.028876	0.030741	0.031295	0.0288	20.07	-0.06
"Mar 09, 2018"	0.030741	0.029541	0.030827	0.02861	50.93	0.04
"Mar 08, 2018"	0.029541	0.034045	0.034055	0.029402	49.21	-0.13
"Mar 07, 2018"	0.034045	0.032045	0.034298	0.031859	43.91	0.06
"Mar 06, 2018"	0.032035	0.032245	0.032517	0.031443	13.95	0.00
"Mar 05, 2018"	0.032186	0.031895	0.03281	0.0309	32.90	0.01
"Mar 04, 2018"	0.031895	0.030505	0.032289	0.0303	25.76	0.05
"Mar 03, 2018"	0.030505	0.0311	0.03288	0.03025	47.63	-0.02
"Mar 02, 2018"	0.0311	0.02865	0.031786	0.02831	59.27	0.09
"Mar 01, 2018"	0.02865	0.027461	0.0287	0.027351	18.26	0.04
"Feb 28, 2018"	0.027461	0.028144	0.02826	0.027266	14.45	-0.02
"Feb 27, 2018"	0.028144	0.028198	0.029	0.0277	13.12	0.00
"Feb 26, 2018"	0.028198	0.02896	0.029	0.027892	22.80	-0.03
"Feb 25, 2018"	0.02896	0.02756	0.02896	0.027555	9.86	0.05
"Feb 24, 2018"	0.02756	0.027367	0.028209	0.02695	23.63	0.01
"Feb 23, 2018"	0.027367	0.027795	0.02845	0.027	23.54	-0.01
"Feb 22, 2018"	0.027711	0.029391	0.029391	0.0277	24.87	-0.06
"Feb 21, 2018"	0.029391	0.0265	0.029655	0.02605	42.22	0.11
"Feb 20, 2018"	0.0265	0.02801	0.02808	0.02635	18.50	-0.05
"Feb 19, 2018"	0.02801	0.028265	0.02899	0.02797	10.11	-0.01
"Feb 18, 2018"	0.028265	0.02894	0.029122	0.028	15.07	-0.02
"Feb 17, 2018"	0.02894	0.028815	0.0305	0.0287	27.84	0.00
"Feb 16, 2018"	0.028815	0.0295	0.029666	0.0281	19.14	-0.02
"Feb 15, 2018"	0.0295	0.028885	0.0298	0.027511	28.23	0.02
"Feb 14, 2018"	0.028885	0.027244	0.029297	0.027244	33.65	0.06
"Feb 13, 2018"	0.027244	0.027764	0.027862	0.027	19.36	-0.02
"Feb 12, 2018"	0.027764	0.028224	0.02871	0.02759	14.81	-0.02
"Feb 11, 2018"	0.028224	0.028894	0.028985	0.0276	21.09	-0.02
"Feb 10, 2018"	0.028894	0.029655	0.029939	0.028833	24.13	-0.03
"Feb 09, 2018"	0.029655	0.029958	0.03045	0.0289	26.55	-0.01
"Feb 08, 2018"	0.029958	0.027216	0.0301	0.027216	40.57	0.10
"Feb 07, 2018"	0.027216	0.027238	0.027951	0.02595	34.80	0.00
"Feb 06, 2018"	0.027238	0.025885	0.027312	0.024355	56.00	0.05
"Feb 05, 2018"	0.025885	0.026607	0.026674	0.024807	42.75	-0.03
"Feb 04, 2018"	0.026607	0.027457	0.0277	0.026321	22.60	-0.03
"Feb 03, 2018"	0.027457	0.026575	0.027778	0.0262	21.68	0.03
"Feb 02, 2018"	0.026575	0.0264	0.027695	0.023835	55.22	0.01
"Feb 01, 2018"	0.0264	0.026625	0.027425	0.0261	25.75	-0.01
"Jan 31, 2018"	0.026625	0.02712	0.02782	0.02655	19.80	-0.02
"Jan 30, 2018"	0.02712	0.02802	0.028254	0.0267	30.63	-0.03
"Jan 29, 2018"	0.02802	0.028154	0.0285	0.02778	15.59	0.00
"Jan 28, 2018"	0.028154	0.028255	0.028875	0.0277	20.20	0.00
"Jan 27, 2018"	0.02816	0.029196	0.02931	0.0281	16.98	-0.04
"Jan 26, 2018"	0.029196	0.028372	0.02942	0.027769	34.84	0.03
"Jan 25, 2018"	0.028372	0.028045	0.028377	0.02772	13.48	0.01
"Jan 24, 2018"	0.028045	0.028466	0.028914	0.027977	15.25	-0.01
"Jan 23, 2018"	0.028466	0.029095	0.029322	0.027713	30.33	-0.02
"Jan 22, 2018"	0.029095	0.030016	0.030117	0.0284	35.82	-0.03
"Jan 21, 2018"	0.030016	0.030064	0.030601	0.0295	25.65	0.00
"Jan 20, 2018"	0.030064	0.03155	0.032153	0.0295	64.91	-0.05
"Jan 19, 2018"	0.03155	0.027833	0.032105	0.027671	53.98	0.13
"Jan 18, 2018"	0.027833	0.028697	0.0293	0.027409	49.84	-0.03
"Jan 17, 2018"	0.028697	0.028	0.0294	0.02555	70.99	0.02
"Jan 16, 2018"	0.028	0.030324	0.03189	0.025328	133.69	-0.08
"Jan 15, 2018"	0.030324	0.02892	0.03168	0.0286	59.30	0.05
"Jan 14, 2018"	0.02898	0.02929	0.03055	0.0286	35.52	-0.01
"Jan 13, 2018"	0.02929	0.02825	0.02999	0.027903	53.61	0.04
"Jan 12, 2018"	0.028249	0.026486	0.0284	0.0262	28.74	0.06
"Jan 11, 2018"	0.026545	0.027188	0.02841	0.0263	42.38	-0.02
"Jan 10, 2018"	0.02719	0.0284	0.02921	0.02704	55.58	-0.04
"Jan 09, 2018"	0.0284	0.0268	0.02962	0.02621	101.83	0.06
"Jan 08, 2018"	0.0268	0.02455	0.0273	0.0244	46.46	0.09
"Jan 07, 2018"	0.02455	0.02289	0.02549	0.02289	70.08	0.07
"Jan 06, 2018"	0.02289	0.02108	0.02357	0.0205	51.70	0.09
"Jan 05, 2018"	0.02108	0.02448	0.0246	0.02065	62.95	-0.14
"Jan 04, 2018"	0.02448	0.02541	0.02583	0.02426	41.00	-0.04
"Jan 03, 2018"	0.02541	0.02474	0.026	0.02388	43.84	0.03
"Jan 02, 2018"	0.02474	0.02527	0.0269	0.02304	94.80	-0.02
"Jan 01, 2018"	0.02527	0.02382	0.0256	0.02376	30.10	0.06
"Dec 31, 2017"	0.02382	0.02435	0.02479	0.02376	28.43	-0.02
"Dec 30, 2017"	0.02435	0.02444	0.02495	0.0236	45.01	0.00
"Dec 29, 2017"	0.02444	0.02452	0.02504	0.0238	47.48	0.00
"Dec 28, 2017"	0.02452	0.02434	0.02509	0.0231	32.52	0.01
"Dec 27, 2017"	0.02434	0.02277	0.02495	0.02277	53.87	0.07
"Dec 26, 2017"	0.02277	0.02446	0.02453	0.02198	48.53	-0.07
"Dec 25, 2017"	0.02446	0.02439	0.0249	0.02395	28.81	0.00
"Dec 24, 2017"	0.02439	0.02453	0.0255	0.0235	53.77	-0.01
"Dec 23, 2017"	0.02453	0.02395	0.02558	0.0236	59.31	0.02
"Dec 22, 2017"	0.02395	0.02672	0.02673	0.02071	171.61	-0.10
"Dec 21, 2017"	0.02672	0.02867	0.0289	0.02468	114.23	-0.07
"Dec 20, 2017"	0.02867	0.0205	0.0288	0.01969	302.75	0.40
"Dec 19, 2017"	0.0205	0.0196	0.021	0.01935	97.21	0.05
"Dec 18, 2017"	0.0196	0.01825	0.01975	0.01781	67.66	0.07
"Dec 17, 2017"	0.01825	0.01683	0.01868	0.01669	92.67	0.08
"Dec 16, 2017"	0.01683	0.01766	0.01859	0.01635	64.09	-0.05
"Dec 15, 2017"	0.01766	0.01959	0.01959	0.0165	83.02	-0.10
"Dec 14, 2017"	0.01959	0.01854	0.02048	0.01835	111.80	0.06
"Dec 13, 2017"	0.01854	0.018	0.01988	0.01725	107.34	0.03
"Dec 12, 2017"	0.018	0.01653	0.01862	0.01653	107.25	0.09
"Dec 11, 2017"	0.01653	0.01607	0.01658	0.0155	63.29	0.03
"Dec 10, 2017"	0.01607	0.0173	0.0181	0.01573	58.09	-0.07
"Dec 09, 2017"	0.0173	0.01657	0.01904	0.01627	73.89	0.04
"Dec 08, 2017"	0.01657	0.01542	0.0179	0.01455	117.93	0.07
"Dec 07, 2017"	0.01542	0.0186	0.0197	0.01522	194.69	-0.17
"Dec 06, 2017"	0.0186	0.0211	0.0225	0.01807	259.79	-0.12
"Dec 05, 2017"	0.0211	0.01796	0.02125	0.01782	148.69	0.17
"Dec 04, 2017"	0.01796	0.01749	0.018	0.01724	30.07	0.03
"Dec 03, 2017"	0.01749	0.01836	0.01882	0.01715	63.05	-0.05
"Dec 02, 2017"	0.01836	0.01742	0.0185	0.01691	39.61	0.05
"Dec 01, 2017"	0.01742	0.01752	0.01812	0.0171	50.40	-0.01
"Nov 30, 2017"	0.01752	0.0171	0.01873	0.0167	90.69	0.02
"Nov 29, 2017"	0.0171	0.01983	0.02009	0.0169	140.81	-0.14
"Nov 28, 2017"	0.01983	0.01778	0.02	0.01766	128.79	0.12
"Nov 27, 2017"	0.01778	0.0175	0.01778	0.01666	52.92	0.02
"Nov 26, 2017"	0.0175	0.01913	0.01929	0.01708	59.06	-0.09
"Nov 25, 2017"	0.01913	0.01929	0.0201	0.01901	44.53	-0.01
"Nov 24, 2017"	0.01929	0.01968	0.01997	0.01876	51.33	-0.02
"Nov 23, 2017"	0.01968	0.02005	0.021	0.0191	87.07	-0.02
"Nov 22, 2017"	0.02005	0.01757	0.02105	0.01728	165.47	0.14
"Nov 21, 2017"	0.01757	0.01652	0.0176	0.0165	62.18	0.06
"Nov 20, 2017"	0.01652	0.01613	0.01722	0.01599	50.53	0.02
"Nov 19, 2017"	0.01613	0.01682	0.01724	0.01566	47.54	-0.04
"Nov 18, 2017"	0.01682	0.0165	0.01753	0.01609	79.51	0.02
"Nov 17, 2017"	0.0165	0.01525	0.0165	0.01494	49.54	0.08
"Nov 16, 2017"	0.01525	0.01661	0.01766	0.0147	91.85	-0.08
"Nov 15, 2017"	0.01661	0.01846	0.01849	0.01621	75.32	-0.10
"Nov 14, 2017"	0.01846	0.01891	0.019	0.0174	63.61	-0.02
"Nov 13, 2017"	0.01891	0.02107	0.0225	0.01825	162.06	-0.10
"Nov 12, 2017"	0.02107	0.01886	0.0219	0.01834	210.52	0.12
"Nov 11, 2017"	0.01886	0.01601	0.02	0.01593	139.76	0.18
"Nov 10, 2017"	0.01601	0.01687	0.017	0.0155	110.57	-0.05
"Nov 09, 2017"	0.01687	0.01524	0.01725	0.015	109.18	0.11
"Nov 08, 2017"	0.01524	0.01385	0.01565	0.01287	153.21	0.10
"Nov 07, 2017"	0.01385	0.01459	0.01489	0.01325	106.41	-0.05
"Nov 06, 2017"	0.01459	0.01165	0.0146	0.01159	118.53	0.25
"Nov 05, 2017"	0.01165	0.01182	0.01192	0.01138	37.98	-0.01
"Nov 04, 2017"	0.01182	0.01222	0.01248	0.01157	36.23	-0.03
"Nov 03, 2017"	0.01222	0.01177	0.0125	0.01145	61.62	0.04
"Nov 02, 2017"	0.01177	0.01269	0.01279	0.01115	116.22	-0.07
"Nov 01, 2017"	0.01269	0.01356	0.01374	0.01255	55.11	-0.06
"Oct 31, 2017"	0.01356	0.01449	0.01459	0.01354	44.08	-0.06
"Oct 30, 2017"	0.01449	0.0143	0.01475	0.01425	33.02	0.01
"Oct 29, 2017"	0.0143	0.01492	0.01523	0.01428	35.08	-0.04
"Oct 28, 2017"	0.01492	0.015	0.01523	0.0148	23.59	-0.01
"Oct 27, 2017"	0.015	0.015	0.01527	0.01462	24.16	0.00
"Oct 26, 2017"	0.015	0.01521	0.01562	0.01474	33.83	-0.01
"Oct 25, 2017"	0.01521	0.01596	0.0175	0.0152	82.10	-0.05
"Oct 24, 2017"	0.01596	0.01442	0.01635	0.01431	64.74	0.11
"Oct 23, 2017"	0.01442	0.01441	0.01474	0.01411	34.00	0.00
"Oct 22, 2017"	0.01441	0.0146	0.01515	0.0142	56.26	-0.01
"Oct 21, 2017"	0.0146	0.01502	0.0151	0.01403	54.22	-0.03
"Oct 20, 2017"	0.01502	0.01551	0.0165	0.0149	53.91	-0.03
"Oct 19, 2017"	0.01551	0.01599	0.01637	0.01543	35.73	-0.03
"Oct 18, 2017"	0.01599	0.01621	0.01687	0.01591	39.61	-0.01
"Oct 17, 2017"	0.01621	0.01657	0.01747	0.0161	38.07	-0.02
"Oct 16, 2017"	0.01657	0.01668	0.01738	0.01645	35.17	-0.01
"Oct 15, 2017"	0.01668	0.01716	0.0176	0.01656	24.72	-0.03
"Oct 14, 2017"	0.01716	0.01682	0.01795	0.01636	33.97	0.02
"Oct 13, 2017"	0.01682	0.01598	0.01723	0.0148	102.26	0.05
"Oct 12, 2017"	0.01598	0.01809	0.01818	0.01598	45.47	-0.12
"Oct 11, 2017"	0.01809	0.01824	0.0184	0.01794	21.50	-0.01
"Oct 10, 2017"	0.01824	0.01781	0.01843	0.01734	36.12	0.02
"Oct 09, 2017"	0.01781	0.01945	0.01963	0.01721	60.66	-0.08
"Oct 08, 2017"	0.01945	0.02057	0.02069	0.01945	28.08	-0.05
"Oct 07, 2017"	0.02057	0.02076	0.02116	0.0205	17.98	-0.01
"Oct 06, 2017"	0.02076	0.02116	0.02125	0.02066	18.27	-0.02
"Oct 05, 2017"	0.02116	0.0214	0.02151	0.0206	21.84	-0.01
"Oct 04, 2017"	0.0214	0.02168	0.02194	0.021	24.92	-0.01
"Oct 03, 2017"	0.02168	0.02081	0.0224	0.0202	51.13	0.04
"Oct 02, 2017"	0.02081	0.02119	0.02133	0.02055	30.02	-0.02
"Oct 01, 2017"	0.02119	0.02208	0.02214	0.02112	22.01	-0.04
"Sep 30, 2017"	0.02208	0.02273	0.0228	0.0215	38.81	-0.03
"Sep 29, 2017"	0.02273	0.02341	0.02367	0.0222	36.59	-0.03
"Sep 28, 2017"	0.02341	0.02442	0.02442	0.02323	38.30	-0.04
"Sep 27, 2017"	0.02442	0.02402	0.0249	0.02365	38.80	0.02
"Sep 26, 2017"	0.02402	0.02397	0.0243	0.0236	23.95	0.00
"Sep 25, 2017"	0.02397	0.02433	0.02447	0.02364	17.35	-0.01
"Sep 24, 2017"	0.02433	0.02428	0.02474	0.02395	14.91	0.00
"Sep 23, 2017"	0.02428	0.0243	0.02456	0.02392	21.18	0.00
"Sep 22, 2017"	0.0243	0.02372	0.02448	0.02355	22.57	0.02
"Sep 21, 2017"	0.02372	0.02475	0.0249	0.0235	30.89	-0.04
"Sep 20, 2017"	0.02475	0.0251	0.02526	0.02416	22.28	-0.01
"Sep 19, 2017"	0.0251	0.02493	0.02544	0.0241	41.15	0.01
"Sep 18, 2017"	0.02493	0.02571	0.02627	0.02489	47.17	-0.03
"Sep 17, 2017"	0.02571	0.02608	0.02621	0.0255	30.22	-0.01
"Sep 16, 2017"	0.02608	0.02703	0.0276	0.026	46.83	-0.04
"Sep 15, 2017"	0.02703	0.02655	0.02761	0.0245	144.38	0.02
"Sep 14, 2017"	0.02655	0.02855	0.03094	0.02655	270.48	-0.07
"Sep 13, 2017"	0.02855	0.0268	0.02875	0.0256	172.36	0.07
"Sep 12, 2017"	0.0268	0.0267	0.02725	0.026	41.37	0.00
"Sep 11, 2017"	0.0267	0.02663	0.02696	0.02631	24.34	0.00
"Sep 10, 2017"	0.02663	0.02674	0.02717	0.0257	51.34	0.00
"Sep 09, 2017"	0.02674	0.02728	0.0276	0.02651	41.59	-0.02
"Sep 08, 2017"	0.02728	0.02636	0.02902	0.02601	163.67	0.03
"Sep 07, 2017"	0.02636	0.02662	0.02681	0.0257	47.43	-0.01
"Sep 06, 2017"	0.02662	0.02709	0.02721	0.0257	70.17	-0.02
"Sep 05, 2017"	0.02709	0.025	0.02775	0.02372	140.43	0.08
"Sep 04, 2017"	0.025	0.02746	0.02769	0.0242	173.88	-0.09
"Sep 03, 2017"	0.02746	0.0272	0.02779	0.025	157.56	0.01
"Sep 02, 2017"	0.0272	0.02906	0.02911	0.02691	211.45	-0.06
"Sep 01, 2017"	0.02906	0.0298	0.03151	0.02872	187.89	-0.02
"Aug 31, 2017"	0.0298	0.02918	0.031	0.02867	180.92	0.02
"Aug 30, 2017"	0.02918	0.02893	0.03005	0.02658	175.39	0.01
"Aug 29, 2017"	0.02893	0.03273	0.0331	0.02778	320.89	-0.12
"Aug 28, 2017"	0.03273	0.03008	0.03558	0.02971	619.60	0.09
"Aug 27, 2017"	0.03008	0.03175	0.03201	0.0286	271.20	-0.05
"Aug 26, 2017"	0.03175	0.0247	0.0348	0.02384	1.00M	0.29
"Aug 25, 2017"	0.0247	0.01986	0.0251	0.01918	319.09	0.24
"Aug 24, 2017"	0.01986	0.02176	0.02261	0.0185	284.06	-0.09
"Aug 23, 2017"	0.02176	0.0222	0.0244	0.0205	316.94	-0.02
"Aug 22, 2017"	0.0222	0.01945	0.0251	0.0185	711.72	0.14
"Aug 21, 2017"	0.01945	0.01342	0.02448	0.0132	1.36M	0.45
"Aug 20, 2017"	0.01342	0.01338	0.01373	0.0126	78.38	0.00
"Aug 19, 2017"	0.01338	0.01133	0.01411	0.01132	174.15	0.18
"Aug 18, 2017"	0.01133	0.01102	0.0122	0.01093	118.35	0.03
"Aug 17, 2017"	0.01102	0.01114	0.01135	0.0109	56.64	-0.01
"Aug 16, 2017"	0.01114	0.01172	0.0121	0.011	71.60	-0.05
"Aug 15, 2017"	0.01172	0.01152	0.012	0.011	93.68	0.02
"Aug 14, 2017"	0.01152	0.01173	0.01227	0.01056	92.35	-0.02
"Aug 13, 2017"	0.01173	0.01271	0.01283	0.011	170.68	-0.08
"Aug 12, 2017"	0.01271	0.01389	0.01423	0.012	154.66	-0.09
"Aug 11, 2017"	0.01389	0.01441	0.01456	0.0138	49.44	-0.04
"Aug 10, 2017"	0.01441	0.01524	0.01535	0.01434	59.49	-0.05
"Aug 09, 2017"	0.01524	0.0152	0.01574	0.015	52.61	0.00
"Aug 08, 2017"	0.0152	0.01487	0.0155	0.01441	63.75	0.02
"Aug 07, 2017"	0.01487	0.01482	0.01489	0.0138	59.74	0.00
"Aug 06, 2017"	0.01482	0.01488	0.01522	0.0145	30.27	0.00
"Aug 05, 2017"	0.01488	0.01576	0.01595	0.0148	52.19	-0.06
"Aug 04, 2017"	0.01576	0.01554	0.01584	0.01501	50.55	0.01
"Aug 03, 2017"	0.01554	0.01619	0.01624	0.01543	33.58	-0.04
"Aug 02, 2017"	0.01619	0.01624	0.01636	0.01568	47.12	0.00
"Aug 01, 2017"	0.01624	0.0139	0.0165	0.0139	146.35	0.17
"Jul 31, 2017"	0.0139	0.01445	0.01504	0.01362	94.90	-0.04
"Jul 30, 2017"	0.01445	0.01614	0.01624	0.0143	92.40	-0.10
"Jul 29, 2017"	0.01614	0.01577	0.01633	0.01547	39.15	0.02
"Jul 28, 2017"	0.01577	0.01709	0.01709	0.01517	154.46	-0.08
"Jul 27, 2017"	0.01709	0.01825	0.0183	0.01685	121.29	-0.06
"Jul 26, 2017"	0.01825	0.0159	0.0198	0.0157	232.90	0.15
"Jul 25, 2017"	0.0159	0.01651	0.01662	0.015	83.20	-0.04
"Jul 24, 2017"	0.01651	0.01549	0.01666	0.01537	81.17	0.07
"Jul 23, 2017"	0.01549	0.01578	0.01585	0.01535	43.35	-0.02
"Jul 22, 2017"	0.01578	0.01508	0.01593	0.01452	63.45	0.05
"Jul 21, 2017"	0.01508	0.01432	0.01521	0.01431	58.89	0.05
"Jul 20, 2017"	0.01432	0.01544	0.01584	0.0141	128.55	-0.07
"Jul 19, 2017"	0.01544	0.0159	0.01606	0.01525	57.38	-0.03
"Jul 18, 2017"	0.0159	0.01567	0.0161	0.01518	68.27	0.01
"Jul 17, 2017"	0.01567	0.0153	0.01612	0.0151	86.82	0.02
"Jul 16, 2017"	0.0153	0.01614	0.0162	0.01513	73.97	-0.05
"Jul 15, 2017"	0.01614	0.01603	0.0162	0.01576	42.96	0.01
"Jul 14, 2017"	0.01603	0.01629	0.0164	0.0158	35.00	-0.02
"Jul 13, 2017"	0.01629	0.01698	0.0171	0.01596	61.43	-0.04
"Jul 12, 2017"	0.01698	0.016	0.01705	0.0157	85.54	0.06
"Jul 11, 2017"	0.016	0.017	0.01729	0.0151	169.52	-0.06
"Jul 10, 2017"	0.017	0.01795	0.01804	0.01685	76.22	-0.05
"Jul 09, 2017"	0.01795	0.01808	0.0185	0.01754	60.95	-0.01
"Jul 08, 2017"	0.01808	0.01777	0.01819	0.01685	83.94	0.02
"Jul 07, 2017"	0.01777	0.0193	0.01967	0.01761	152.97	-0.08
"Jul 06, 2017"	0.0193	0.01772	0.01941	0.01762	160.77	0.09
"Jul 05, 2017"	0.01772	0.0175	0.01845	0.01747	115.95	0.01
"Jul 04, 2017"	0.0175	0.0171	0.01777	0.01701	62.97	0.02
"Jul 03, 2017"	0.0171	0.0171	0.01744	0.01689	57.95	0.00
"Jul 02, 2017"	0.0171	0.0171	0.0174	0.01686	56.44	0.00
"Jul 01, 2017"	0.0171	0.01786	0.01789	0.01671	61.17	-0.04
"Jun 30, 2017"	0.01786	0.01782	0.0183	0.01762	43.13	0.00
"Jun 29, 2017"	0.01782	0.01845	0.01888	0.0177	72.13	-0.03
"Jun 28, 2017"	0.01845	0.0172	0.01852	0.01702	78.79	0.07
"Jun 27, 2017"	0.0172	0.01794	0.01811	0.01665	96.64	-0.04
"Jun 26, 2017"	0.01794	0.01802	0.01884	0.01688	140.05	0.00
"Jun 25, 2017"	0.01802	0.0186	0.0187	0.01795	57.40	-0.03
"Jun 24, 2017"	0.0186	0.01903	0.01917	0.0184	54.51	-0.02
"Jun 23, 2017"	0.01903	0.01864	0.01925	0.01844	64.61	0.02
"Jun 22, 2017"	0.01864	0.0184	0.01884	0.01819	53.35	0.01
"Jun 21, 2017"	0.0184	0.019	0.01931	0.0178	116.32	-0.03
"Jun 20, 2017"	0.019	0.01949	0.02023	0.0187	155.31	-0.03
"Jun 19, 2017"	0.01949	0.01987	0.02022	0.01917	122.42	-0.02
"Jun 18, 2017"	0.01987	0.01999	0.0205	0.01962	79.04	-0.01
"Jun 17, 2017"	0.01999	0.01934	0.0206	0.01931	143.11	0.03
"Jun 16, 2017"	0.01934	0.01902	0.0195	0.01886	61.10	0.02
"Jun 15, 2017"	0.01902	0.0189	0.01924	0.0182	103.16	0.01
"Jun 14, 2017"	0.0189	0.01922	0.01944	0.0188	74.53	-0.02
"Jun 13, 2017"	0.01922	0.019	0.01948	0.01871	96.32	0.01
"Jun 12, 2017"	0.019	0.0199	0.02023	0.01832	163.70	-0.05
"Jun 11, 2017"	0.0199	0.0182	0.01992	0.0181	103.09	0.09
"Jun 10, 2017"	0.0182	0.01974	0.0199	0.01815	94.95	-0.08
"Jun 09, 2017"	0.01974	0.01997	0.02022	0.0193	83.09	-0.01
"Jun 08, 2017"	0.01997	0.01961	0.0207	0.0195	117.41	0.02
"Jun 07, 2017"	0.01961	0.01942	0.02231	0.01895	555.16	0.01
"Jun 06, 2017"	0.01942	0.01805	0.0197	0.0169	343.01	0.08
"Jun 05, 2017"	0.01805	0.0171	0.01834	0.01706	130.88	0.09
"Jun 04, 2017"	0.01652	0.01652	0.01652	0.01652	-	0.00
"Jun 03, 2017"	0.01652	0.01779	0.01811	0.01652	87.43	-0.07
"Jun 02, 2017"	0.01779	0.0183	0.01865	0.01779	77.00	-0.03
"Jun 01, 2017"	0.0183	0.01838	0.019	0.01795	103.67	0.00
"May 31, 2017"	0.01838	0.0182	0.01888	0.0175	150.87	0.01
"May 30, 2017"	0.0182	0.01818	0.0205	0.01812	262.37	0.00
"May 29, 2017"	0.01818	0.01712	0.01972	0.01692	344.11	0.06
"May 28, 2017"	0.01712	0.0165	0.01776	0.01618	232.28	0.04
"May 27, 2017"	0.0165	0.01748	0.01792	0.0151	266.44	-0.06
"May 26, 2017"	0.01748	0.01742	0.0182	0.0167	282.42	0.00
"May 25, 2017"	0.01742	0.01849	0.01949	0.01627	717.05	-0.06
"May 24, 2017"	0.01849	0.02476	0.025	0.01733	1.21M	-0.25
"May 23, 2017"	0.02476	0.01714	0.02526	0.01708	829.02	0.44
"May 22, 2017"	0.01714	0.017	0.0188	0.01548	355.35	0.01
"May 21, 2017"	0.017	0.0171	0.01761	0.0165	153.37	-0.01
"May 20, 2017"	0.0171	0.0162	0.01846	0.0156	389.87	0.06
"May 19, 2017"	0.0162	0.01602	0.0165	0.01577	111.37	0.01
"May 18, 2017"	0.01602	0.01485	0.01695	0.01485	222.55	0.08
"May 17, 2017"	0.01485	0.01508	0.0155	0.01414	142.93	-0.02
"May 16, 2017"	0.01508	0.01604	0.0161	0.01486	145.79	-0.06
"May 15, 2017"	0.01604	0.01589	0.0166	0.01572	107.70	0.01
"May 14, 2017"	0.01589	0.01599	0.01622	0.0157	57.99	-0.01
"May 13, 2017"	0.01599	0.01688	0.01713	0.01585	70.03	-0.05
"May 12, 2017"	0.01688	0.01616	0.01715	0.0161	119.25	0.04
"May 11, 2017"	0.01616	0.01694	0.01715	0.0156	136.52	-0.05
"May 10, 2017"	0.01694	0.0163	0.01764	0.0158	195.26	0.04
"May 09, 2017"	0.0163	0.01775	0.01843	0.01481	380.71	-0.08
"May 08, 2017"	0.01775	0.02086	0.0211	0.0143	463.35	-0.15
"May 07, 2017"	0.02086	0.01841	0.02224	0.01821	618.33	0.13
"May 06, 2017"	0.01841	0.0184	0.0192	0.0176	233.83	0.00
"May 05, 2017"	0.0184	0.01701	0.0194	0.0166	530.53	0.08
"May 04, 2017"	0.01701	0.01688	0.01724	0.0162	243.41	0.01
"May 03, 2017"	0.01688	0.01587	0.01715	0.01543	234.09	0.06
"May 02, 2017"	0.01587	0.01605	0.0164	0.015	172.06	-0.01
"May 01, 2017"	0.01605	0.01763	0.01768	0.01533	339.74	-0.09
"Apr 30, 2017"	0.01763	0.0172	0.0184	0.01717	236.67	0.03
"Apr 29, 2017"	0.0172	0.01697	0.01763	0.01662	229.01	0.01
"Apr 28, 2017"	0.01697	0.01605	0.01715	0.01584	247.69	0.06
"Apr 27, 2017"	0.01605	0.0151	0.01659	0.01481	306.34	0.06
"Apr 26, 2017"	0.0151	0.01555	0.0156	0.01489	142.69	-0.03
"Apr 25, 2017"	0.01555	0.01569	0.01599	0.01524	109.85	-0.01
"Apr 24, 2017"	0.01569	0.01613	0.0163	0.01537	110.63	-0.03
"Apr 23, 2017"	0.01613	0.01621	0.01637	0.01601	63.45	0.00
"Apr 22, 2017"	0.01621	0.01644	0.01669	0.01613	97.21	-0.01
"Apr 21, 2017"	0.01644	0.0162	0.01651	0.016	106.11	0.01
"Apr 20, 2017"	0.0162	0.01679	0.01725	0.01615	115.70	-0.04
"Apr 19, 2017"	0.01679	0.01729	0.01736	0.0166	101.63	-0.03
"Apr 18, 2017"	0.01729	0.01711	0.01746	0.01681	73.11	0.01
"Apr 17, 2017"	0.01711	0.01724	0.01781	0.01696	116.22	-0.01
"Apr 16, 2017"	0.01724	0.01765	0.01773	0.017	92.81	-0.02
"Apr 15, 2017"	0.01765	0.01755	0.0179	0.01729	109.16	0.01
"Apr 14, 2017"	0.01755	0.01834	0.01877	0.01645	282.16	-0.04
"Apr 13, 2017"	0.01834	0.01804	0.0189	0.01791	135.17	0.02
"Apr 12, 2017"	0.01804	0.01762	0.01862	0.01756	140.10	0.02
"Apr 11, 2017"	0.01762	0.01824	0.01834	0.01747	101.17	-0.03
"Apr 10, 2017"	0.01824	0.01741	0.01893	0.01715	176.04	0.05
"Apr 09, 2017"	0.01741	0.0177	0.01814	0.01654	162.75	-0.02
"Apr 08, 2017"	0.0177	0.01648	0.01835	0.0161	178.44	0.07
"Apr 07, 2017"	0.01648	0.01631	0.01725	0.01599	128.76	0.01
"Apr 06, 2017"	0.01631	0.01743	0.01744	0.0155	259.20	-0.06
"Apr 05, 2017"	0.01743	0.0179	0.01831	0.01681	161.84	-0.03
"Apr 04, 2017"	0.0179	0.01755	0.01843	0.01701	156.90	0.02
"Apr 03, 2017"	0.01755	0.0178	0.01854	0.017	200.01	-0.01
"Apr 02, 2017"	0.0178	0.01916	0.01952	0.01766	196.63	-0.07
"Apr 01, 2017"	0.01916	0.01866	0.01946	0.01731	187.62	0.03
"Mar 31, 2017"	0.01866	0.01908	0.01985	0.018	189.37	-0.02
"Mar 30, 2017"	0.01908	0.0202	0.02047	0.01906	137.84	-0.06
"Mar 29, 2017"	0.0202	0.01882	0.0204	0.01838	195.90	0.07
"Mar 28, 2017"	0.01882	0.01854	0.01965	0.01675	341.99	0.02
"Mar 27, 2017"	0.01854	0.0202	0.02045	0.0167	371.76	-0.08
"Mar 26, 2017"	0.0202	0.02075	0.02128	0.01933	229.63	-0.03
"Mar 25, 2017"	0.02075	0.02249	0.02337	0.02037	303.07	-0.08
"Mar 24, 2017"	0.02249	0.02109	0.0234	0.02076	401.69	0.07
"Mar 23, 2017"	0.02109	0.02047	0.0218	0.0196	198.59	0.03
"Mar 22, 2017"	0.02047	0.01908	0.02106	0.019	285.64	0.07
"Mar 21, 2017"	0.01908	0.02152	0.02161	0.0185	546.31	-0.11
"Mar 20, 2017"	0.02152	0.02261	0.0236	0.02108	269.18	-0.05
"Mar 19, 2017"	0.02261	0.02064	0.0247	0.02001	604.71	0.10
"Mar 18, 2017"	0.02064	0.02046	0.0216	0.01814	523.68	0.01
"Mar 17, 2017"	0.02046	0.01905	0.02349	0.0155	1.13M	0.07
"Mar 16, 2017"	0.01905	0.01523	0.0195	0.01481	1.02M	0.25
"Mar 15, 2017"	0.01523	0.0143	0.01587	0.01384	428.32	0.07
"Mar 14, 2017"	0.0143	0.01469	0.01502	0.0137	381.64	-0.03
"Mar 13, 2017"	0.01469	0.01376	0.01584	0.01365	724.75	0.07
"Mar 12, 2017"	0.01376	0.01253	0.0145	0.01226	748.68	0.10
"Mar 11, 2017"	0.01253	0.01185	0.01259	0.01113	276.08	0.06
"Mar 10, 2017"	0.01185	0.01098	0.0125	0.00991	561.18	0.08
"Mar 09, 2017"	0.01098	0.01086	0.0113	0.0107	137.16	0.01
"Mar 08, 2017"	0.01086	0.01105	0.01139	0.0107	170.16	-0.02
"Mar 07, 2017"	0.01105	0.0121	0.01212	0.0109	244.91	-0.09
"Mar 06, 2017"	0.0121	0.01204	0.0124	0.0116	297.73	0.01
"Mar 05, 2017"	0.01204	0.01084	0.0122	0.01083	226.11	0.11
"Mar 04, 2017"	0.01084	0.01089	0.0112	0.01072	68.78	0.00
"Mar 03, 2017"	0.01089	0.01048	0.0115	0.01018	350.51	0.04
"Mar 02, 2017"	0.01048	0.01004	0.01109	0.0098	347.23	0.04
"Mar 01, 2017"	0.01004	0.01043	0.01106	0.0099	327.19	-0.04
"Feb 28, 2017"	0.01043	0.01015	0.01045	0.009583	241.49	0.03
"Feb 27, 2017"	0.01015	0.01019	0.01034	0.01	75.57	0.00
"Feb 26, 2017"	0.01019	0.01037	0.0105	0.01007	84.27	-0.02
"Feb 25, 2017"	0.01037	0.01013	0.01073	0.009667	155.99	-0.08
"Feb 24, 2017"	0.01128	0.01128	0.01128	0.01128	-	0.00
"Feb 23, 2017"	0.01128	0.01144	0.01155	0.01115	46.70	-0.01
"Feb 22, 2017"	0.01144	0.01105	0.01147	0.01088	104.49	0.04
"Feb 21, 2017"	0.01105	0.01118	0.0114	0.01081	244.26	-0.01
"Feb 20, 2017"	0.01118	0.0124	0.01243	0.01071	500.69	-0.10
"Feb 19, 2017"	0.0124	0.0127	0.0127	0.01231	49.69	-0.02
"Feb 18, 2017"	0.0127	0.01278	0.01287	0.01237	65.22	-0.01
"Feb 17, 2017"	0.01278	0.01276	0.01293	0.0125	55.24	0.00
"Feb 16, 2017"	0.01276	0.0135	0.01358	0.01242	130.30	-0.05
"Feb 15, 2017"	0.0135	0.01287	0.0138	0.01276	186.20	0.05
"Feb 14, 2017"	0.01287	0.01228	0.01328	0.01217	139.66	0.05
"Feb 13, 2017"	0.01228	0.01231	0.0124	0.01217	38.92	0.00
"Feb 12, 2017"	0.01231	0.01218	0.01238	0.0121	41.59	0.01
"Feb 11, 2017"	0.01218	0.01209	0.0123	0.01204	39.89	0.01
"Feb 10, 2017"	0.01209	0.01221	0.0126	0.01201	77.56	-0.01
"Feb 09, 2017"	0.01221	0.01208	0.01272	0.01174	191.36	0.01
"Feb 08, 2017"	0.01208	0.01185	0.0122	0.01183	68.73	0.02
"Feb 07, 2017"	0.01185	0.01242	0.01251	0.01181	139.02	-0.05
"Feb 06, 2017"	0.01242	0.0125	0.01254	0.01215	72.11	-0.01
"Feb 05, 2017"	0.0125	0.01209	0.01267	0.01209	75.83	0.03
"Feb 04, 2017"	0.01209	0.01249	0.0128	0.01209	153.10	-0.03
"Feb 03, 2017"	0.01249	0.013	0.013	0.01175	272.07	-0.04
"Feb 02, 2017"	0.013	0.01341	0.0135	0.013	110.91	-0.03
"Feb 01, 2017"	0.01341	0.01348	0.01365	0.01326	105.66	-0.01
"Jan 31, 2017"	0.01348	0.01378	0.014	0.01336	89.95	-0.02
"Jan 30, 2017"	0.01378	0.01375	0.0141	0.01361	99.57	0.00
"Jan 29, 2017"	0.01375	0.01407	0.0144	0.01359	124.27	-0.02
"Jan 28, 2017"	0.01407	0.01332	0.01424	0.01309	318.44	0.06
"Jan 27, 2017"	0.01332	0.01303	0.01332	0.01258	201.71	0.02
"Jan 26, 2017"	0.01303	0.01313	0.01329	0.0129	88.11	-0.01
"Jan 25, 2017"	0.01313	0.01317	0.01328	0.01291	79.07	0.00
"Jan 24, 2017"	0.01317	0.01327	0.01346	0.01304	85.22	-0.01
"Jan 23, 2017"	0.01327	0.01319	0.01337	0.0128	82.63	0.01
"Jan 22, 2017"	0.01319	0.01307	0.01324	0.01282	62.19	0.01
"Jan 21, 2017"	0.01307	0.01317	0.01339	0.01275	91.32	-0.01
"Jan 20, 2017"	0.01317	0.01356	0.0136	0.013	132.20	-0.03
"Jan 19, 2017"	0.01356	0.01368	0.01369	0.01315	109.32	-0.01
"Jan 18, 2017"	0.01368	0.01366	0.01395	0.01337	198.43	0.00
"Jan 17, 2017"	0.01366	0.0127	0.01378	0.01253	235.92	0.08
"Jan 16, 2017"	0.0127	0.01303	0.01325	0.01233	212.94	-0.03
"Jan 15, 2017"	0.01303	0.0136	0.01362	0.01202	531.88	-0.04
"Jan 14, 2017"	0.0136	0.01354	0.01425	0.01318	169.23	0.00
"Jan 13, 2017"	0.01354	0.0147	0.01495	0.01336	362.29	-0.08
"Jan 12, 2017"	0.0147	0.01478	0.01494	0.01445	101.94	-0.01
"Jan 11, 2017"	0.01478	0.01475	0.015	0.01445	201.71	0.00
"Jan 10, 2017"	0.01475	0.01498	0.0154	0.0145	223.41	-0.02
"Jan 09, 2017"	0.01498	0.01474	0.01519	0.014	232.76	0.02
"Jan 08, 2017"	0.01474	0.01438	0.0151	0.01426	181.07	0.03
"Jan 07, 2017"	0.01438	0.01565	0.01572	0.01365	583.08	-0.08
"Jan 06, 2017"	0.01565	0.01602	0.0169	0.01495	515.47	-0.02
"Jan 05, 2017"	0.01602	0.01615	0.01647	0.01553	366.95	-0.01
"Jan 04, 2017"	0.01615	0.01515	0.01628	0.01504	434.47	0.07
"Jan 03, 2017"	0.01515	0.01574	0.0166	0.01411	818.80	-0.04
"Jan 02, 2017"	0.01574	0.01357	0.01619	0.01354	779.70	0.16
"Jan 01, 2017"	0.01357	0.01436	0.01439	0.01325	211.51	-0.06
"Dec 31, 2016"	0.01436	0.01348	0.01444	0.01321	279.03	0.07
"Dec 30, 2016"	0.01348	0.0134	0.01386	0.01281	218.17	0.01
"Dec 29, 2016"	0.0134	0.01436	0.01455	0.01271	546.42	-0.07
"Dec 28, 2016"	0.01436	0.01335	0.0152	0.01282	921.22	0.08
"Dec 27, 2016"	0.01335	0.01132	0.014	0.0112	814.94	0.18
"Dec 26, 2016"	0.01132	0.01084	0.0114	0.01068	160.86	0.04
"Dec 25, 2016"	0.01084	0.01075	0.01122	0.0107	182.56	0.01
"Dec 24, 2016"	0.01075	0.01036	0.01085	0.01035	119.23	0.04
"Dec 23, 2016"	0.01036	0.0103	0.0109	0.01002	355.69	0.01
"Dec 22, 2016"	0.0103	0.01015	0.01103	0.00967	423.42	0.01
"Dec 21, 2016"	0.01015	0.01046	0.01068	0.0098	286.07	-0.03
"Dec 20, 2016"	0.01046	0.01087	0.01109	0.01042	160.25	-0.04
"Dec 19, 2016"	0.01087	0.01091	0.01111	0.01051	202.49	0.00
"Dec 18, 2016"	0.01091	0.01056	0.01129	0.01047	223.99	0.03
"Dec 17, 2016"	0.01056	0.01085	0.01088	0.0104	114.43	-0.03
"Dec 16, 2016"	0.01085	0.01085	0.01097	0.0107	98.29	0.00
"Dec 15, 2016"	0.01085	0.0108	0.01101	0.01051	128.25	0.00
"Dec 14, 2016"	0.0108	0.01038	0.01105	0.0103	374.79	0.04
"Dec 13, 2016"	0.01038	0.0102	0.0104	0.01013	105.75	0.02
"Dec 12, 2016"	0.0102	0.01028	0.0104	0.01001	114.39	-0.01
"Dec 11, 2016"	0.01028	0.01002	0.01054	0.009986	173.95	0.03
"Dec 10, 2016"	0.01002	0.01033	0.01039	0.009801	116.06	-0.03
"Dec 09, 2016"	0.01033	0.01012	0.01045	0.01009	148.18	0.02
"Dec 08, 2016"	0.01012	0.01014	0.01056	0.00997	183.47	0.00
"Dec 07, 2016"	0.01014	0.009891	0.01022	0.009572	196.10	0.03
"Dec 06, 2016"	0.009891	0.01035	0.01053	0.00933	437.63	-0.04
"Dec 05, 2016"	0.01035	0.01029	0.0107	0.01	311.90	0.01
"Dec 04, 2016"	0.01029	0.01072	0.01099	0.0101	245.49	-0.04
"Dec 03, 2016"	0.01072	0.01045	0.01107	0.0104	234.59	0.03
"Dec 02, 2016"	0.01045	0.01142	0.01146	0.01019	688.75	-0.08
"Dec 01, 2016"	0.01142	0.01212	0.01234	0.0111	595.80	-0.06
"Nov 30, 2016"	0.01212	0.01039	0.01279	0.0095	1.25M	0.17
"Nov 29, 2016"	0.01039	0.01078	0.01088	0.0101	298.33	-0.04
"Nov 28, 2016"	0.01078	0.01099	0.0111	0.01055	208.93	-0.02
"Nov 27, 2016"	0.01099	0.01029	0.01109	0.01028	299.24	0.07
"Nov 26, 2016"	0.01029	0.01018	0.0107	0.009974	188.82	0.01
"Nov 25, 2016"	0.01018	0.0105	0.01059	0.009905	318.59	-0.03
"Nov 24, 2016"	0.0105	0.0106	0.01137	0.01021	679.91	-0.01
"Nov 23, 2016"	0.0106	0.01005	0.0111	0.01	497.80	0.05
"Nov 22, 2016"	0.01005	0.0092	0.0112	0.009169	1.26M	0.09
"Nov 21, 2016"	0.0092	0.00905	0.0093	0.008853	236.07	0.02
"Nov 20, 2016"	0.00905	0.008736	0.0095	0.008521	504.05	0.04
"Nov 19, 2016"	0.008736	0.008995	0.009151	0.0085	351.73	-0.03
"Nov 18, 2016"	0.008995	0.009134	0.0097	0.008651	529.15	-0.02
"Nov 17, 2016"	0.009134	0.008949	0.0094	0.0083	712.33	0.02
"Nov 16, 2016"	0.008949	0.01023	0.01054	0.00814	1.31M	-0.13
"Nov 15, 2016"	0.01023	0.01085	0.01121	0.009955	479.50	-0.06
"Nov 14, 2016"	0.01085	0.01016	0.0117	0.009901	711.84	0.07
"Nov 13, 2016"	0.01016	0.0106	0.0118	0.01002	1.02M	-0.04
"Nov 12, 2016"	0.0106	0.009768	0.01089	0.00925	1.04M	0.09
"Nov 11, 2016"	0.009768	0.008445	0.009889	0.008198	563.27	0.16
"Nov 10, 2016"	0.008445	0.008207	0.00899	0.008155	542.38	0.03
"Nov 09, 2016"	0.008207	0.009213	0.009282	0.007589	1.28M	-0.11
"Nov 08, 2016"	0.009213	0.00813	0.009579	0.008022	1.26M	0.13
"Nov 07, 2016"	0.00813	0.007025	0.008379	0.006933	637.06	0.16
"Nov 06, 2016"	0.007025	0.007085	0.0072	0.006837	123.95	-0.01
"Nov 05, 2016"	0.007085	0.006861	0.00714	0.00684	106.11	0.03
"Nov 04, 2016"	0.006861	0.007238	0.007482	0.006642	517.24	-0.05
"Nov 03, 2016"	0.007238	0.006136	0.0075	0.0059	1.00M	0.18
"Nov 02, 2016"	0.006136	0.006396	0.006896	0.0061	403.01	-0.04
"Nov 01, 2016"	0.006396	0.007317	0.00734	0.006	755.54	-0.13
"Oct 31, 2016"	0.007317	0.007865	0.0081	0.006821	581.93	-0.07
"Oct 30, 2016"	0.007865	0.006987	0.008178	0.006769	1.05M	0.13
"Oct 29, 2016"	0.006987	0.008305	0.008467	0.0058	2.12M	-0.16
"Oct 28, 2016"	0.008305	0.009139	0.009255	0.0081	480.53	-0.09
"Oct 27, 2016"	0.009139	0.008998	0.0094	0.00867	317.93	0.02
"Oct 26, 2016"	0.008998	0.00931	0.0094	0.008635	258.51	-0.03
"Oct 25, 2016"	0.00931	0.009811	0.009837	0.008601	466.33	-0.05
"Oct 24, 2016"	0.009811	0.009935	0.0101	0.009762	91.38	-0.01
"Oct 23, 2016"	0.009935	0.00986	0.0102	0.009781	79.61	0.01
"Oct 22, 2016"	0.00986	0.01071	0.0108	0.0095	338.81	-0.08
"Oct 21, 2016"	0.01071	0.01035	0.01109	0.01015	285.73	0.03
"Oct 20, 2016"	0.01035	0.01055	0.01151	0.01025	347.77	-0.02
"Oct 19, 2016"	0.01055	0.01051	0.01135	0.01011	330.91	0.00
"Oct 18, 2016"	0.01051	0.009833	0.01084	0.0095	347.03	0.07
"Oct 17, 2016"	0.009833	0.01004	0.0101	0.008888	588.20	-0.02
"Oct 16, 2016"	0.01004	0.01025	0.01047	0.00956	377.12	-0.02
"Oct 15, 2016"	0.01025	0.01086	0.01086	0.01001	245.53	-0.06
"Oct 14, 2016"	0.01086	0.01095	0.0112	0.0107	235.53	-0.01
"Oct 13, 2016"	0.01095	0.0115	0.0115	0.01061	285.91	-0.05
"Oct 12, 2016"	0.0115	0.01146	0.01198	0.01111	270.35	0.00
"Oct 11, 2016"	0.01146	0.01112	0.01235	0.01035	805.64	0.03
"Oct 10, 2016"	0.01112	0.01224	0.0125	0.01095	457.89	-0.09
"Oct 09, 2016"	0.01224	0.01113	0.01224	0.01107	339.85	0.10
"Oct 08, 2016"	0.01113	0.01102	0.0116	0.01069	238.15	0.01
"Oct 07, 2016"	0.01102	0.01179	0.01258	0.01053	599.97	-0.07
"Oct 06, 2016"	0.01179	0.0107	0.0121	0.0103	696.87	0.10
"Oct 05, 2016"	0.0107	0.01231	0.01274	0.009898	1.33M	-0.13
"Oct 04, 2016"	0.01231	0.01283	0.01333	0.01223	249.13	-0.04
"Oct 03, 2016"	0.01283	0.01376	0.014	0.0126	401.06	-0.07
"Oct 02, 2016"	0.01376	0.01193	0.014	0.01168	567.83	0.15
"Oct 01, 2016"	0.01193	0.01384	0.0139	0.01155	1.05M	-0.14
"Sep 30, 2016"	0.01384	0.01408	0.01444	0.01311	625.41	-0.02
"Sep 29, 2016"	0.01408	0.01549	0.01563	0.0137	570.81	-0.09
"Sep 28, 2016"	0.01549	0.01535	0.01571	0.0151	186.69	0.01
"Sep 27, 2016"	0.01535	0.01532	0.01588	0.015	241.01	0.00
"Sep 26, 2016"	0.01532	0.01706	0.01727	0.01481	744.53	-0.10
"Sep 25, 2016"	0.01706	0.01788	0.01788	0.01694	200.44	-0.05
"Sep 24, 2016"	0.01788	0.01779	0.01826	0.01762	151.85	0.01
"Sep 23, 2016"	0.01779	0.01701	0.01834	0.01669	305.54	0.05
"Sep 22, 2016"	0.01701	0.01649	0.0179	0.01634	390.11	0.03
"Sep 21, 2016"	0.01649	0.01819	0.0187	0.01631	597.14	-0.09
"Sep 20, 2016"	0.01819	0.0173	0.01925	0.0168	1.04M	0.05
"Sep 19, 2016"	0.0173	0.01549	0.01754	0.0148	714.87	0.12
"Sep 18, 2016"	0.01549	0.01586	0.0162	0.01512	279.34	-0.02
"Sep 17, 2016"	0.01586	0.01476	0.01633	0.0145	493.85	0.07
"Sep 16, 2016"	0.01476	0.0158	0.0163	0.0144	768.40	-0.07
"Sep 15, 2016"	0.0158	0.01706	0.0173	0.0155	723.30	-0.07
"Sep 14, 2016"	0.01706	0.01737	0.01807	0.01685	514.90	-0.02
"Sep 13, 2016"	0.01737	0.01659	0.01896	0.01612	1.29M	0.05
"Sep 12, 2016"	0.01659	0.0179	0.0182	0.0162	1.14M	-0.07
"Sep 11, 2016"	0.0179	0.01963	0.01993	0.0167	1.36M	-0.09
"Sep 10, 2016"	0.01963	0.01984	0.0202	0.0191	680.56	-0.01
"Sep 09, 2016"	0.01984	0.02016	0.02192	0.019	1.07M	-0.02
"Sep 08, 2016"	0.02016	0.01917	0.02095	0.01821	1.39M	0.05
"Sep 07, 2016"	0.01917	0.02037	0.02114	0.01801	1.62M	-0.06
"Sep 06, 2016"	0.02037	0.0225	0.02371	0.01956	1.90M	-0.09
"Sep 05, 2016"	0.0225	0.0226	0.0236	0.0206	1.71M	0.00
"Sep 04, 2016"	0.0226	0.0181	0.02291	0.0164	2.56M	0.25
"Sep 03, 2016"	0.0181	0.01727	0.0265	0.0171	4.91M	0.05
"Sep 02, 2016"	0.01727	0.0142	0.0185	0.01364	2.78M	0.22
"Sep 01, 2016"	0.0142	0.01469	0.01542	0.0135	1.42M	-0.03
"Aug 31, 2016"	0.01469	0.01472	0.01544	0.01256	2.34M	0.00
"Aug 30, 2016"	0.01472	0.015	0.0159	0.0136	1.76M	-0.02
"Aug 29, 2016"	0.015	0.0162	0.01875	0.0131	4.94M	-0.07
"Aug 28, 2016"	0.0162	0.00859	0.01715	0.00859	6.10M	0.89
"Aug 27, 2016"	0.00859	0.007227	0.00896	0.007211	1.37M	0.19
"Aug 26, 2016"	0.007227	0.00716	0.0081	0.007	1.34M	0.01
"Aug 25, 2016"	0.00716	0.00775	0.007796	0.00635	1.69M	-0.08
"Aug 24, 2016"	0.00775	0.00815	0.00879	0.0074	1.40M	-0.05
"Aug 23, 2016"	0.00815	0.0073	0.00928	0.0065	4.54M	0.12
"Aug 22, 2016"	0.0073	0.00439	0.009384	0.0043	4.21M	0.66
"Aug 21, 2016"	0.00439	0.004231	0.004466	0.0041	297.97	0.04
"Aug 20, 2016"	0.004231	0.004058	0.004441	0.00393	722.23	0.04
"Aug 19, 2016"	0.004058	0.003829	0.00407	0.003779	131.25	0.06
"Aug 18, 2016"	0.003829	0.00399	0.00399	0.0037	178.44	-0.04
"Aug 17, 2016"	0.00399	0.003806	0.003991	0.00368	178.66	0.05
"Aug 16, 2016"	0.003806	0.003852	0.004	0.00365	325.47	-0.01
"Aug 15, 2016"	0.003852	0.00349	0.003853	0.00346	341.70	0.10
"Aug 14, 2016"	0.00349	0.00339	0.003686	0.00322	153.24	0.03
"Aug 13, 2016"	0.00339	0.003298	0.003448	0.003284	56.11	0.03
"Aug 12, 2016"	0.003298	0.003357	0.003387	0.003207	56.20	-0.02
"Aug 11, 2016"	0.003357	0.00339	0.003448	0.003192	60.12	-0.01
"Aug 10, 2016"	0.00339	0.003467	0.0035	0.003249	96.56	-0.02
"Aug 09, 2016"	0.003467	0.003225	0.003485	0.003192	114.88	0.08
"Aug 08, 2016"	0.003225	0.00316	0.00337	0.003129	102.40	0.02
"Aug 07, 2016"	0.00316	0.00322	0.003455	0.00305	119.76	-0.02
"Aug 06, 2016"	0.00322	0.003128	0.003425	0.003039	125.25	0.03
"Aug 05, 2016"	0.003128	0.003217	0.003239	0.00308	70.26	-0.03
"Aug 04, 2016"	0.003217	0.002776	0.003301	0.002767	253.18	0.16
"Aug 03, 2016"	0.002776	0.002735	0.002966	0.002626	102.32	0.02
"Aug 02, 2016"	0.002735	0.002801	0.002899	0.002621	184.16	-0.02
"Aug 01, 2016"	0.002801	0.002904	0.00295	0.002777	86.82	-0.04
"Jul 31, 2016"	0.002904	0.002944	0.002978	0.00283	70.77	-0.01
"Jul 30, 2016"	0.002944	0.002903	0.00295	0.00285	32.11	0.01
"Jul 29, 2016"	0.002903	0.002833	0.00297	0.002784	54.05	0.02
"Jul 28, 2016"	0.002833	0.002906	0.002974	0.002784	105.78	-0.03
"Jul 27, 2016"	0.002906	0.002751	0.00299	0.0027	133.80	0.06
"Jul 26, 2016"	0.002751	0.002838	0.00284	0.002613	134.71	-0.03
"Jul 25, 2016"	0.002838	0.002842	0.002859	0.002777	45.44	0.00
"Jul 24, 2016"	0.002842	0.002892	0.002954	0.00278	80.11	-0.02
"Jul 23, 2016"	0.002892	0.002834	0.00292	0.002756	61.24	0.02
"Jul 22, 2016"	0.002834	0.00259	0.00284	0.002585	94.57	0.09
"Jul 21, 2016"	0.00259	0.002649	0.00273	0.002551	74.65	-0.02
"Jul 20, 2016"	0.002649	0.002844	0.002875	0.00251	197.12	-0.07
"Jul 19, 2016"	0.002844	0.002898	0.002911	0.002739	98.72	-0.02
"Jul 18, 2016"	0.002898	0.002919	0.00298	0.002859	51.24	-0.01
"Jul 17, 2016"	0.002919	0.003001	0.00302	0.002876	80.94	-0.03
"Jul 16, 2016"	0.003001	0.003016	0.003051	0.002988	31.44	-0.01
"Jul 15, 2016"	0.003016	0.00304	0.00308	0.00291	88.93	-0.01
"Jul 14, 2016"	0.00304	0.00295	0.003081	0.002926	85.15	0.03
"Jul 13, 2016"	0.00295	0.00297	0.003006	0.002883	141.92	-0.01
"Jul 12, 2016"	0.00297	0.003057	0.003207	0.002903	162.12	-0.03
"Jul 11, 2016"	0.003057	0.002938	0.00312	0.002914	99.89	0.04
"Jul 10, 2016"	0.002938	0.002992	0.003005	0.002865	112.25	-0.02
"Jul 09, 2016"	0.002992	0.002946	0.00307	0.002858	158.19	0.02
"Jul 08, 2016"	0.002946	0.002967	0.003107	0.002846	208.26	-0.01
"Jul 07, 2016"	0.002967	0.002932	0.003292	0.002774	786.70	0.01
"Jul 06, 2016"	0.002932	0.002577	0.002935	0.002561	242.99	0.14
"Jul 05, 2016"	0.002577	0.002503	0.0026	0.00244	85.73	0.03
"Jul 04, 2016"	0.002503	0.002565	0.002688	0.00248	79.93	-0.02
"Jul 03, 2016"	0.002565	0.002475	0.002759	0.002475	165.03	0.04
"Jul 02, 2016"	0.002475	0.002475	0.00259	0.00242	109.53	0.00
"Jul 01, 2016"	0.002475	0.002363	0.00251	0.002339	86.45	0.05
"Jun 30, 2016"	0.002363	0.002422	0.002519	0.002267	136.21	-0.02
"Jun 29, 2016"	0.002422	0.002258	0.00259	0.002258	180.84	0.07
"Jun 28, 2016"	0.002258	0.002249	0.002319	0.0022	106.14	0.00
"Jun 27, 2016"	0.002249	0.002352	0.00239	0.00214	109.40	-0.04
"Jun 26, 2016"	0.002352	0.002309	0.002435	0.002307	46.62	0.02
"Jun 25, 2016"	0.002309	0.002369	0.002409	0.00222	94.33	-0.03
"Jun 24, 2016"	0.002369	0.002481	0.002589	0.002291	124.06	-0.05
"Jun 23, 2016"	0.002481	0.002541	0.002634	0.002403	116.93	-0.02
"Jun 22, 2016"	0.002541	0.002408	0.002674	0.002391	233.24	0.06
"Jun 21, 2016"	0.002408	0.0024	0.00264	0.002301	287.29	0.00
"Jun 20, 2016"	0.0024	0.002436	0.002597	0.002265	294.47	-0.01
"Jun 19, 2016"	0.002436	0.0027	0.002757	0.002377	323.95	-0.10
"Jun 18, 2016"	0.0027	0.002349	0.00315	0.002325	1.18M	0.15
"Jun 17, 2016"	0.002349	0.002005	0.0024	0.001994	356.12	0.17
"Jun 16, 2016"	0.002005	0.002111	0.00213	0.001926	201.98	-0.05
"Jun 15, 2016"	0.002111	0.002	0.002205	0.001956	221.87	0.06
"Jun 14, 2016"	0.002	0.00182	0.002059	0.001802	187.92	0.10
"Jun 13, 2016"	0.00182	0.001889	0.001991	0.001778	202.53	-0.04
"Jun 12, 2016"	0.001889	0.001937	0.001942	0.001761	315.88	-0.02
"Jun 11, 2016"	0.001937	0.001987	0.002023	0.0019	74.41	-0.03
"Jun 10, 2016"	0.001987	0.001936	0.00206	0.001874	233.99	0.03
"Jun 09, 2016"	0.001936	0.001704	0.002139	0.001704	410.50	0.14
"Jun 08, 2016"	0.001704	0.001706	0.001773	0.001687	70.66	0.00
"Jun 07, 2016"	0.001706	0.001715	0.001726	0.001653	76.71	-0.01
"Jun 06, 2016"	0.001715	0.001737	0.001795	0.00169	81.53	-0.01
"Jun 05, 2016"	0.001737	0.001714	0.001761	0.001666	82.35	0.01
"Jun 04, 2016"	0.001714	0.001659	0.00175	0.001653	88.28	0.03
"Jun 03, 2016"	0.001659	0.001731	0.00178	0.001652	71.65	-0.04
"Jun 02, 2016"	0.001731	0.001698	0.001758	0.001693	38.72	0.02
"Jun 01, 2016"	0.001698	0.001752	0.001789	0.001612	106.25	-0.03
"May 31, 2016"	0.001752	0.001676	0.001852	0.001657	153.89	0.05
"May 30, 2016"	0.001676	0.001709	0.00175	0.00164	69.94	-0.02
"May 29, 2016"	0.001709	0.001708	0.001841	0.001619	206.49	0.00
"May 28, 2016"	0.001708	0.001813	0.001848	0.001703	165.66	-0.06
"May 27, 2016"	0.001813	0.001901	0.00191	0.001725	165.81	-0.05
"May 26, 2016"	0.001901	0.001934	0.002046	0.00186	98.19	-0.02
"May 25, 2016"	0.001934	0.002021	0.002079	0.001924	113.45	-0.04
"May 24, 2016"	0.002021	0.002048	0.002233	0.002021	201.37	-0.01
"May 23, 2016"	0.002048	0.002118	0.002171	0.002028	128.04	-0.03
"May 22, 2016"	0.002118	0.002201	0.00228	0.002079	193.46	-0.04
"May 21, 2016"	0.002201	0.002153	0.002263	0.0021	110.23	0.02
"May 20, 2016"	0.002153	0.001939	0.00225	0.001939	299.53	0.11
"May 19, 2016"	0.001939	0.001864	0.001965	0.001804	156.84	0.04
"May 18, 2016"	0.001864	0.001793	0.00194	0.001742	230.26	0.04
"May 17, 2016"	0.001793	0.00181	0.00188	0.001693	135.57	-0.01
"May 16, 2016"	0.00181	0.001815	0.001864	0.00176	120.02	0.00
"May 15, 2016"	0.001815	0.00184	0.001883	0.00176	61.51	-0.01
"May 14, 2016"	0.00184	0.001861	0.001886	0.001802	27.72	-0.01
"May 13, 2016"	0.001861	0.001896	0.001939	0.001823	73.80	-0.02
"May 12, 2016"	0.001896	0.001901	0.001989	0.001871	93.45	0.00
"May 11, 2016"	0.001901	0.001831	0.00192	0.001818	55.60	0.04
"May 10, 2016"	0.001831	0.00181	0.00194	0.001759	151.10	0.01
"May 09, 2016"	0.00181	0.001844	0.0019	0.00175	104.88	-0.02
"May 08, 2016"	0.001844	0.001922	0.001959	0.001823	84.10	-0.04
"May 07, 2016"	0.001922	0.001901	0.001954	0.00181	120.06	0.01
"May 06, 2016"	0.001901	0.002029	0.002053	0.001875	79.43	-0.06
"May 05, 2016"	0.002029	0.002059	0.002068	0.001967	85.07	-0.01
"May 04, 2016"	0.002059	0.002066	0.00214	0.002013	96.86	0.00
"May 03, 2016"	0.002066	0.002182	0.002186	0.002016	105.55	-0.05
"May 02, 2016"	0.002182	0.002027	0.002273	0.00198	212.10	0.08
"May 01, 2016"	0.002027	0.002054	0.002095	0.001969	66.10	-0.01
"Apr 30, 2016"	0.002054	0.001956	0.002151	0.001941	128.06	0.05
"Apr 29, 2016"	0.001956	0.00202	0.002088	0.00192	105.55	-0.03
"Apr 28, 2016"	0.00202	0.002129	0.00218	0.001988	96.14	-0.05
"Apr 27, 2016"	0.002129	0.001905	0.002177	0.001847	308.51	0.12
"Apr 26, 2016"	0.001905	0.002073	0.002153	0.00176	354.16	-0.08
"Apr 25, 2016"	0.002073	0.002239	0.002287	0.00203	195.35	-0.07
"Apr 24, 2016"	0.002239	0.002293	0.00235	0.002178	103.10	-0.02
"Apr 23, 2016"	0.002293	0.002217	0.002348	0.00218	101.71	0.03
"Apr 22, 2016"	0.002217	0.002168	0.00226	0.002132	135.31	0.02
"Apr 21, 2016"	0.002168	0.002381	0.00242	0.002102	202.35	-0.09
"Apr 20, 2016"	0.002381	0.00259	0.002595	0.00225	303.74	-0.08
"Apr 19, 2016"	0.00259	0.002555	0.002699	0.002535	223.28	0.01
"Apr 18, 2016"	0.002555	0.00239	0.00262	0.002344	252.01	0.07
"Apr 17, 2016"	0.00239	0.002272	0.00257	0.002251	265.90	0.05
"Apr 16, 2016"	0.002272	0.002285	0.002329	0.002196	115.52	-0.01
"Apr 15, 2016"	0.002285	0.002373	0.002406	0.0022	349.74	-0.04
"Apr 14, 2016"	0.002373	0.002423	0.00251	0.002288	186.28	-0.02
"Apr 13, 2016"	0.002423	0.00218	0.00254	0.00216	401.59	0.11
"Apr 12, 2016"	0.00218	0.002389	0.002431	0.002	634.29	-0.09
"Apr 11, 2016"	0.002389	0.002585	0.002683	0.00231	271.08	-0.08
"Apr 10, 2016"	0.002585	0.002785	0.002812	0.00207	1.18M	-0.07
"Apr 09, 2016"	0.002785	0.003392	0.003392	0.002688	894.51	-0.18
"Apr 08, 2016"	0.003392	0.003618	0.003637	0.003228	223.13	-0.06
"Apr 07, 2016"	0.003618	0.003547	0.003714	0.003511	148.81	0.02
"Apr 06, 2016"	0.003547	0.003551	0.003719	0.003433	156.37	0.00
"Apr 05, 2016"	0.003551	0.003787	0.003788	0.0034	255.32	-0.06
"Apr 04, 2016"	0.003787	0.00369	0.0038	0.003546	177.72	0.03
"Apr 03, 2016"	0.00369	0.003729	0.003786	0.003504	161.93	-0.01
"Apr 02, 2016"	0.003729	0.003474	0.003741	0.003456	296.63	0.07
"Apr 01, 2016"	0.003474	0.003381	0.003563	0.00336	197.09	0.03
"Mar 31, 2016"	0.003381	0.003499	0.0035	0.003332	131.65	-0.03
"Mar 30, 2016"	0.003499	0.003568	0.00365	0.00335	209.82	-0.02
"Mar 29, 2016"	0.003568	0.00351	0.003691	0.003473	208.74	0.02
"Mar 28, 2016"	0.00351	0.003585	0.003699	0.003309	375.75	-0.02
"Mar 27, 2016"	0.003585	0.004047	0.004121	0.00321	594.11	-0.11
"Mar 26, 2016"	0.004047	0.003861	0.00415	0.003766	290.51	0.05
"Mar 25, 2016"	0.003861	0.003977	0.00422	0.00378	409.02	-0.03
"Mar 24, 2016"	0.003977	0.003477	0.004168	0.003335	715.77	0.14
"Mar 23, 2016"	0.003477	0.003258	0.0035	0.0032	303.80	0.07
"Mar 22, 2016"	0.003258	0.003549	0.00368	0.003211	390.64	-0.08
"Mar 21, 2016"	0.003549	0.003642	0.0038	0.003307	536.58	-0.03
"Mar 20, 2016"	0.003642	0.002973	0.003745	0.0029	667.52	0.23
"Mar 19, 2016"	0.002973	0.002804	0.003151	0.00274	205.68	0.06
"Mar 18, 2016"	0.002804	0.003231	0.003234	0.002654	360.80	-0.13
"Mar 17, 2016"	0.003231	0.002755	0.003231	0.002488	360.70	0.17
"Mar 16, 2016"	0.002755	0.002763	0.002879	0.002697	139.30	0.00
"Mar 15, 2016"	0.002763	0.00271	0.002841	0.00261	168.64	0.02
"Mar 14, 2016"	0.00271	0.00298	0.00307	0.002673	165.09	-0.09
"Mar 13, 2016"	0.00298	0.0028	0.00307	0.002671	196.42	0.06
"Mar 12, 2016"	0.0028	0.00263	0.002956	0.0025	270.06	0.06
"Mar 11, 2016"	0.00263	0.002586	0.00274	0.002501	110.58	0.02
"Mar 10, 2016"	0.002586	0.002955	0.003181	0.002411	346.22	-0.12
"Mar 09, 2016"	0.002955	0.002823	0.003217	0.002338	681.56	0.05
"Mar 08, 2016"	0.002823	0.002483	0.00289	0.00242	291.99	0.14
"Mar 07, 2016"	0.002483	0.003075	0.003093	0.002331	429.11	-0.19
"Mar 06, 2016"	0.003075	0.00298	0.0031	0.002553	752.23	0.03
"Mar 05, 2016"	0.00298	0.002858	0.003488	0.002557	912.70	0.04
"Mar 04, 2016"	0.002858	0.002565	0.002978	0.002428	630.12	0.11
"Mar 03, 2016"	0.002565	0.001944	0.002745	0.001942	713.06	0.32
"Mar 02, 2016"	0.001944	0.00195	0.002	0.001861	144.03	0.00
"Mar 01, 2016"	0.00195	0.001986	0.002038	0.001861	218.58	-0.02
"Feb 29, 2016"	0.001986	0.00201	0.002049	0.00191	141.87	-0.01
"Feb 28, 2016"	0.00201	0.001901	0.002049	0.00188	150.89	0.06
"Feb 27, 2016"	0.001901	0.0019	0.001993	0.001875	103.25	0.00
"Feb 26, 2016"	0.0019	0.001895	0.00197	0.001852	78.43	0.00
"Feb 25, 2016"	0.001895	0.001878	0.002109	0.001824	270.93	0.01
"Feb 24, 2016"	0.001878	0.00179	0.00189	0.001771	133.63	0.05
"Feb 23, 2016"	0.00179	0.001791	0.00181	0.00172	98.24	0.00
"Feb 22, 2016"	0.001791	0.001761	0.0019	0.001711	150.33	0.02
"Feb 21, 2016"	0.001761	0.00188	0.001897	0.001651	210.53	-0.06
"Feb 20, 2016"	0.00188	0.002012	0.00212	0.001841	335.22	-0.07
"Feb 19, 2016"	0.002012	0.001843	0.002055	0.001742	231.79	0.09
"Feb 18, 2016"	0.001843	0.00174	0.001885	0.00164	266.01	0.06
"Feb 17, 2016"	0.00174	0.002323	0.002357	0.00166	723.28	-0.25
"Feb 16, 2016"	0.002323	0.001937	0.00246	0.001915	826.93	0.20
"Feb 15, 2016"	0.001937	0.0021	0.002176	0.001836	592.46	-0.08
"Feb 14, 2016"	0.002103	0.001991	0.00213	0.001687	644.31	0.06
"Feb 13, 2016"	0.001991	0.001556	0.002339	0.001531	1.24M	0.28
"Feb 12, 2016"	0.001556	0.00146	0.001621	0.001337	255.54	0.07
"Feb 11, 2016"	0.00146	0.00125	0.00158	0.001245	356.18	0.17
"Feb 10, 2016"	0.00125	0.001248	0.00128	0.0012	100.40	0.00
"Feb 09, 2016"	0.001248	0.00129	0.0013	0.001237	70.84	-0.03
"Feb 08, 2016"	0.00129	0.001268	0.00133	0.001268	51.10	0.02
"Feb 07, 2016"	0.001268	0.001306	0.001337	0.001253	96.29	-0.03
"Feb 06, 2016"	0.001306	0.001275	0.001313	0.00125	60.79	0.02
"Feb 05, 2016"	0.001275	0.001302	0.001336	0.001239	90.00	-0.02
"Feb 04, 2016"	0.001302	0.001345	0.00135	0.001301	45.12	-0.03
"Feb 03, 2016"	0.001345	0.001321	0.001345	0.001301	36.35	0.02
"Feb 02, 2016"	0.001321	0.001331	0.00135	0.0013	23.15	-0.01
"Feb 01, 2016"	0.001331	0.00131	0.001364	0.001292	62.73	0.02
"Jan 31, 2016"	0.00131	0.001341	0.001394	0.00131	78.91	-0.02
"Jan 30, 2016"	0.001341	0.001352	0.00139	0.00128	64.12	-0.01
"Jan 29, 2016"	0.001352	0.001481	0.001508	0.001267	129.18	-0.09
"Jan 28, 2016"	0.001481	0.001536	0.001599	0.001475	69.41	-0.04
"Jan 27, 2016"	0.001536	0.001504	0.0016	0.001429	182.37	0.02
"Jan 26, 2016"	0.001504	0.001487	0.00165	0.001433	120.86	0.01
"Jan 25, 2016"	0.001487	0.00155	0.00156	0.001421	111.29	-0.04
"Jan 24, 2016"	0.00155	0.001627	0.00167	0.00145	212.65	-0.05
"Jan 23, 2016"	0.001627	0.001408	0.001677	0.00129	290.99	0.16
"Jan 22, 2016"	0.001408	0.00136	0.00143	0.001284	113.19	0.04
"Jan 21, 2016"	0.00136	0.001278	0.0014	0.001234	103.18	0.06
"Jan 20, 2016"	0.001278	0.001424	0.001445	0.001257	172.33	-0.08
"Jan 19, 2016"	0.00139	0.001291	0.001445	0.001266	166.53	0.08
"Jan 18, 2016"	0.001291	0.001126	0.00135	0.001112	123.76	0.15
"Jan 17, 2016"	0.001126	0.001291	0.001334	0.001112	108.28	-0.13
"Jan 16, 2016"	0.001291	0.001175	0.001298	0.00116	67.72	0.10
"Jan 15, 2016"	0.001175	0.001142	0.001182	0.001094	85.59	0.03
"Jan 14, 2016"	0.001142	0.001124	0.001158	0.001083	61.43	0.02
"Jan 13, 2016"	0.001124	0.001128	0.001141	0.001057	72.59	0.00
"Jan 12, 2016"	0.001128	0.001085	0.001146	0.001052	81.82	0.04
"Jan 11, 2016"	0.001085	0.001095	0.001125	0.001069	35.82	-0.01
"Jan 10, 2016"	0.001095	0.0011	0.001187	0.001068	52.39	0.00
"Jan 09, 2016"	0.0011	0.001098	0.001141	0.001061	51.60	0.00
"Jan 08, 2016"	0.001098	0.001074	0.001113	0.001061	28.95	0.02
"Jan 07, 2016"	0.001074	0.001183	0.001183	0.00105	82.91	-0.09
"Jan 06, 2016"	0.001183	0.001166	0.00121	0.001138	29.15	0.01
"Jan 05, 2016"	0.001166	0.001159	0.001225	0.00114	49.73	0.01
"Jan 04, 2016"	0.001159	0.001146	0.00121	0.00113	41.24	0.01
"Jan 03, 2016"	0.001146	0.001211	0.00125	0.00113	70.45	-0.05
"Jan 02, 2016"	0.001211	0.001159	0.001312	0.001132	103.73	0.04
"Jan 01, 2016"	0.001159	0.001051	0.0013	0.001049	154.95	0.10
"Dec 31, 2015"	0.001051	0.001031	0.00109	0.001028	42.61	0.02
"Dec 30, 2015"	0.001031	0.001057	0.0011	0.001022	64.99	-0.02
"Dec 29, 2015"	0.001057	0.001067	0.00107	0.001046	20.54	-0.01
"Dec 28, 2015"	0.001067	0.001058	0.0011	0.001055	26.35	0.01
"Dec 27, 2015"	0.001058	0.001077	0.001143	0.001058	28.94	-0.02
"Dec 26, 2015"	0.001077	0.00107	0.001101	0.001058	27.73	0.01
"Dec 25, 2015"	0.00107	0.001057	0.001089	0.001055	14.36	0.01
"Dec 24, 2015"	0.001057	0.001073	0.001089	0.00102	35.94	-0.01
"Dec 23, 2015"	0.001073	0.001094	0.001125	0.001045	57.54	-0.02
"Dec 22, 2015"	0.001094	0.001141	0.001163	0.00104	40.09	-0.04
"Dec 21, 2015"	0.001141	0.001157	0.001192	0.001024	95.05	-0.01
"Dec 20, 2015"	0.001157	0.001052	0.00119	0.001016	67.13	0.10
"Dec 19, 2015"	0.001052	0.001071	0.001072	0.001011	40.37	-0.02
"Dec 18, 2015"	0.001071	0.001092	0.00113	0.00106	27.46	-0.02
"Dec 17, 2015"	0.001092	0.001138	0.001172	0.00108	28.29	-0.04
"Dec 16, 2015"	0.001138	0.001179	0.001197	0.00113	38.49	-0.03
"Dec 15, 2015"	0.001179	0.001222	0.001222	0.001138	60.02	-0.04
"Dec 14, 2015"	0.001222	0.001054	0.001264	0.00105	172.33	0.16
"Dec 13, 2015"	0.001054	0.00105	0.001098	0.001013	41.89	0.00
"Dec 12, 2015"	0.00105	0.001014	0.00105	0.001	27.47	0.04
"Dec 11, 2015"	0.001014	0.001052	0.00108	0.000971	32.47	-0.04
"Dec 10, 2015"	0.001052	0.001081	0.00109	0.000974	41.41	-0.03
"Dec 09, 2015"	0.001081	0.001056	0.001112	0.001006	69.22	0.02
"Dec 08, 2015"	0.001056	0.001067	0.001124	0.00097	77.29	-0.01
"Dec 07, 2015"	0.001067	0.001125	0.00116	0.001034	51.55	-0.05
"Dec 06, 2015"	0.001125	0.001128	0.001212	0.00108	87.91	0.00
"Dec 05, 2015"	0.001128	0.00102	0.001181	0.001011	114.53	0.11
"Dec 04, 2015"	0.00102	0.00101	0.00108	0.001006	49.23	0.01
"Dec 03, 2015"	0.00101	0.00103	0.00109	0.001005	41.52	-0.02
"Dec 02, 2015"	0.00103	0.001045	0.001097	0.001014	36.22	-0.01
"Dec 01, 2015"	0.001045	0.001043	0.001122	0.001	41.82	0.00
"Nov 30, 2015"	0.001043	0.001087	0.001159	0.001001	59.53	-0.04
"Nov 29, 2015"	0.001087	0.001095	0.00114	0.001056	25.26	-0.01
"Nov 28, 2015"	0.001095	0.001072	0.001107	0.001058	25.44	0.02
"Nov 27, 2015"	0.001072	0.001135	0.001179	0.001056	65.62	-0.06
"Nov 26, 2015"	0.001135	0.001183	0.001218	0.001096	60.88	-0.04
"Nov 25, 2015"	0.001183	0.001217	0.001239	0.001131	40.37	-0.03
"Nov 24, 2015"	0.001217	0.001199	0.001239	0.001165	24.61	0.02
"Nov 23, 2015"	0.001199	0.00121	0.00121	0.001162	14.88	-0.01
"Nov 22, 2015"	0.00121	0.001204	0.001212	0.001164	13.34	0.01
"Nov 21, 2015"	0.001204	0.00121	0.00127	0.00114	66.06	-0.01
"Nov 20, 2015"	0.00121	0.001249	0.001249	0.001182	17.12	-0.03
"Nov 19, 2015"	0.001249	0.001249	0.001295	0.001193	51.62	0.00
"Nov 18, 2015"	0.001249	0.001267	0.001295	0.00122	40.29	-0.01
"Nov 17, 2015"	0.001267	0.001318	0.001324	0.001267	16.28	-0.04
"Nov 16, 2015"	0.001318	0.001329	0.00137	0.00129	25.96	-0.01
"Nov 15, 2015"	0.001329	0.001262	0.001367	0.001262	40.03	0.05
"Nov 14, 2015"	0.001262	0.00135	0.001383	0.001262	38.46	-0.07
"Nov 13, 2015"	0.00135	0.00131	0.00143	0.001278	42.16	0.03
"Nov 12, 2015"	0.00131	0.001455	0.001455	0.001221	83.06	-0.10
"Nov 11, 2015"	0.001455	0.001367	0.001511	0.00135	76.02	0.06
"Nov 10, 2015"	0.001367	0.001231	0.001419	0.001231	51.24	0.11
"Nov 09, 2015"	0.001231	0.00135	0.001372	0.00122	60.17	-0.09
"Nov 08, 2015"	0.00135	0.001169	0.0015	0.001156	83.21	0.15
"Nov 07, 2015"	0.001169	0.00117	0.00124	0.001155	22.62	0.00
"Nov 06, 2015"	0.00117	0.001105	0.00123	0.001105	28.29	0.06
"Nov 05, 2015"	0.001105	0.001195	0.001248	0.001105	36.24	-0.08
"Nov 04, 2015"	0.001195	0.001093	0.001214	0.001025	149.39	0.09
"Nov 03, 2015"	0.001093	0.001211	0.001242	0.001068	136.33	-0.10
"Nov 02, 2015"	0.001211	0.001286	0.00133	0.0012	87.99	-0.06
"Nov 01, 2015"	0.001286	0.001277	0.001373	0.00127	52.27	0.01
"Oct 31, 2015"	0.001277	0.001365	0.001416	0.001263	38.66	-0.06
"Oct 30, 2015"	0.001365	0.001421	0.001467	0.001163	129.82	-0.04
"Oct 29, 2015"	0.001421	0.00142	0.001539	0.001358	99.87	0.00
"Oct 28, 2015"	0.00142	0.001377	0.001474	0.001338	72.45	0.03
"Oct 27, 2015"	0.001377	0.001348	0.001407	0.001334	44.58	0.02
"Oct 26, 2015"	0.001348	0.001439	0.001447	0.001334	42.00	-0.06
"Oct 25, 2015"	0.001439	0.001406	0.001448	0.001333	58.07	0.02
"Oct 24, 2015"	0.001406	0.001422	0.001423	0.001357	38.68	-0.01
"Oct 23, 2015"	0.001422	0.001475	0.001478	0.00141	48.80	-0.04
"Oct 22, 2015"	0.001475	0.001477	0.001481	0.00141	30.22	0.00
"Oct 21, 2015"	0.001477	0.001489	0.001491	0.0014	40.76	-0.01
"Oct 20, 2015"	0.001489	0.001461	0.001537	0.00141	80.20	0.02
"Oct 19, 2015"	0.001461	0.001562	0.001564	0.001455	61.01	-0.06
"Oct 18, 2015"	0.001562	0.001566	0.001593	0.00154	17.68	0.00
"Oct 17, 2015"	0.001566	0.001564	0.0016	0.001539	45.88	0.00
"Oct 16, 2015"	0.001564	0.001548	0.001594	0.001453	78.38	0.01
"Oct 15, 2015"	0.001548	0.00156	0.00157	0.0015	61.48	-0.01
"Oct 14, 2015"	0.00156	0.00156	0.00159	0.001542	32.97	0.00
"Oct 13, 2015"	0.00156	0.001624	0.001624	0.001535	47.99	-0.04
"Oct 12, 2015"	0.001624	0.001543	0.001648	0.00154	34.81	0.05
"Oct 11, 2015"	0.001543	0.00159	0.001658	0.00153	79.45	-0.03
"Oct 10, 2015"	0.00159	0.001625	0.001635	0.001571	25.59	-0.02
"Oct 09, 2015"	0.001625	0.00161	0.001661	0.001555	45.42	0.01
"Oct 08, 2015"	0.00161	0.001617	0.001694	0.001596	63.07	0.00
"Oct 07, 2015"	0.001617	0.001664	0.001718	0.001611	43.78	-0.03
"Oct 06, 2015"	0.001664	0.001746	0.001757	0.001643	20.33	-0.05
"Oct 05, 2015"	0.001746	0.001685	0.00179	0.0016	34.30	0.04
"Oct 04, 2015"	0.001685	0.00172	0.001721	0.001673	12.13	-0.02
"Oct 03, 2015"	0.00172	0.001731	0.00175	0.001697	31.63	-0.01
"Oct 02, 2015"	0.001731	0.001711	0.0018	0.001652	51.89	0.01
"Oct 01, 2015"	0.001711	0.001673	0.001815	0.001652	58.58	0.02
"Sep 30, 2015"	0.001673	0.001848	0.001848	0.00131	216.16	-0.09
"Sep 29, 2015"	0.001848	0.00188	0.001899	0.0018	36.16	-0.02
"Sep 28, 2015"	0.00188	0.001887	0.00191	0.001861	44.62	0.00
"Sep 27, 2015"	0.001887	0.001931	0.001935	0.001865	29.06	-0.02
"Sep 26, 2015"	0.001931	0.001924	0.00201	0.001861	78.78	0.00
"Sep 25, 2015"	0.001924	0.002	0.00206	0.00185	146.35	-0.04
"Sep 24, 2015"	0.002	0.002023	0.002028	0.001961	26.01	-0.01
"Sep 23, 2015"	0.002023	0.002069	0.00207	0.00195	53.89	-0.02
"Sep 22, 2015"	0.002069	0.002145	0.002147	0.002001	35.96	-0.04
"Sep 21, 2015"	0.002145	0.002119	0.002161	0.002075	17.75	0.01
"Sep 20, 2015"	0.002119	0.002134	0.0022	0.00206	39.08	-0.01
"Sep 19, 2015"	0.002134	0.002138	0.00219	0.002121	18.01	0.00
"Sep 18, 2015"	0.002138	0.002155	0.00221	0.002055	19.99	-0.01
"Sep 17, 2015"	0.002155	0.002236	0.00227	0.00203	115.63	-0.04
"Sep 16, 2015"	0.002236	0.00219	0.00224	0.002104	78.90	0.02
"Sep 15, 2015"	0.00219	0.0021	0.002245	0.002062	69.31	0.04
"Sep 14, 2015"	0.0021	0.002	0.00222	0.001961	112.23	0.05
"Sep 13, 2015"	0.002	0.001982	0.00208	0.001955	30.87	0.01
"Sep 12, 2015"	0.001982	0.002074	0.002109	0.001952	36.88	-0.04
"Sep 11, 2015"	0.002074	0.002088	0.00213	0.00203	42.45	-0.01
"Sep 10, 2015"	0.002088	0.002126	0.0022	0.002067	29.15	-0.02
"Sep 09, 2015"	0.002126	0.002125	0.00222	0.002045	82.08	0.00
"Sep 08, 2015"	0.002125	0.002071	0.002143	0.002054	38.64	0.03
"Sep 07, 2015"	0.002071	0.002093	0.002106	0.002055	22.38	-0.01
"Sep 06, 2015"	0.002093	0.00205	0.002101	0.00204	32.05	0.02
"Sep 05, 2015"	0.00205	0.002034	0.002069	0.002029	45.56	0.01
"Sep 04, 2015"	0.002034	0.00202	0.00208	0.002001	34.48	0.01
"Sep 03, 2015"	0.00202	0.002059	0.0021	0.002019	51.10	-0.02
"Sep 02, 2015"	0.002059	0.002012	0.00207	0.002002	32.70	0.02
"Sep 01, 2015"	0.002012	0.002037	0.00205	0.002	24.26	-0.01
"Aug 31, 2015"	0.002037	0.002014	0.002106	0.002	37.70	0.01
"Aug 30, 2015"	0.002014	0.00208	0.00208	0.001996	39.39	-0.03
"Aug 29, 2015"	0.00208	0.002054	0.002106	0.001976	60.58	0.01
"Aug 28, 2015"	0.002054	0.002052	0.00209	0.001984	42.97	0.00
"Aug 27, 2015"	0.002052	0.002201	0.002201	0.002035	39.57	-0.07
"Aug 26, 2015"	0.002201	0.002215	0.002349	0.002085	31.48	-0.01
"Aug 25, 2015"	0.002215	0.002065	0.002248	0.002	61.77	0.07
"Aug 24, 2015"	0.002065	0.00239	0.00245	0.001961	153.60	-0.14
"Aug 23, 2015"	0.00239	0.002394	0.002451	0.00224	49.02	0.00
"Aug 22, 2015"	0.002394	0.002442	0.002482	0.00235	30.89	-0.02
"Aug 21, 2015"	0.002442	0.002539	0.002601	0.002421	58.34	-0.04
"Aug 20, 2015"	0.002539	0.002364	0.002649	0.002301	105.34	0.07
"Aug 19, 2015"	0.002364	0.002318	0.002388	0.002197	64.55	0.02
"Aug 18, 2015"	0.002318	0.002366	0.00243	0.002214	53.97	-0.02
"Aug 17, 2015"	0.002366	0.002398	0.002416	0.002247	65.60	-0.01
"Aug 16, 2015"	0.00238	0.002347	0.002598	0.002332	92.65	0.01
"Aug 15, 2015"	0.002347	0.002291	0.0025	0.00221	73.69	0.02
"Aug 14, 2015"	0.002291	0.002197	0.00231	0.002051	86.52	0.04
"Aug 13, 2015"	0.002197	0.002345	0.00243	0.00211	68.73	-0.06
"Aug 12, 2015"	0.002345	0.002241	0.00244	0.00217	85.09	0.05
"Aug 11, 2015"	0.002241	0.002475	0.002563	0.002214	93.53	-0.09
"Aug 10, 2015"	0.002475	0.002581	0.002667	0.00247	45.50	-0.04
"Aug 09, 2015"	0.002581	0.0026	0.002666	0.00235	143.83	-0.01
"Aug 08, 2015"	0.0026	0.00262	0.002695	0.002468	77.64	-0.01
"Aug 07, 2015"	0.00262	0.002644	0.002709	0.0024	162.59	-0.01
"Aug 06, 2015"	0.002644	0.0022	0.0027	0.002183	245.72	0.20
"Aug 05, 2015"	0.0022	0.00218	0.00221	0.002122	46.98	0.01
"Aug 04, 2015"	0.00218	0.002116	0.002188	0.00207	33.53	0.03
"Aug 03, 2015"	0.002116	0.0022	0.002221	0.002105	62.23	-0.04
"Aug 02, 2015"	0.0022	0.002078	0.00221	0.00202	90.85	0.06
"Aug 01, 2015"	0.002078	0.002023	0.002154	0.00197	62.98	0.03
"Jul 31, 2015"	0.002023	0.002029	0.002035	0.001978	28.77	0.00
"Jul 30, 2015"	0.002029	0.00204	0.002041	0.00198	26.14	-0.01
"Jul 29, 2015"	0.00204	0.002065	0.0021	0.002003	36.67	-0.01
"Jul 28, 2015"	0.002065	0.00204	0.0021	0.002	47.69	0.01
"Jul 27, 2015"	0.00204	0.001986	0.0021	0.001981	26.87	0.03
"Jul 26, 2015"	0.001986	0.00196	0.002067	0.001921	29.36	0.01
"Jul 25, 2015"	0.00196	0.001994	0.002037	0.00193	45.27	-0.02
"Jul 24, 2015"	0.001994	0.00208	0.0021	0.001971	24.46	-0.04
"Jul 23, 2015"	0.00208	0.002057	0.00214	0.002	58.63	0.01
"Jul 22, 2015"	0.002057	0.002164	0.002164	0.001975	46.41	-0.05
"Jul 21, 2015"	0.002164	0.001962	0.002164	0.00195	64.92	0.10
"Jul 20, 2015"	0.001962	0.00198	0.001985	0.001912	33.24	-0.01
"Jul 19, 2015"	0.00198	0.00191	0.001985	0.001887	22.02	0.04
"Jul 18, 2015"	0.00191	0.001915	0.001958	0.00188	24.15	0.00
"Jul 17, 2015"	0.001915	0.001937	0.001938	0.00185	14.56	-0.01
"Jul 16, 2015"	0.001937	0.001896	0.001938	0.001852	10.14	0.02
"Jul 15, 2015"	0.001896	0.002001	0.002001	0.001892	3.87	-0.05
"Jul 14, 2015"	0.002001	0.001956	0.002025	0.001925	4.19	0.02
"Jul 13, 2015"	0.001956	0.002025	0.002046	0.001916	5.29	-0.03
"Jul 12, 2015"	0.002025	0.001824	0.002097	0.00181	14.51	0.11
"Jul 11, 2015"	0.001824	0.001827	0.001856	0.0018	5.15	0.00
"Jul 10, 2015"	0.001827	0.001853	0.001905	0.001797	10.86	-0.01
"Jul 09, 2015"	0.001853	0.001895	0.00192	0.001771	7.35	-0.02
"Jul 08, 2015"	0.001895	0.00192	0.001929	0.00184	6.57	-0.01
"Jul 07, 2015"	0.00192	0.00188	0.001923	0.001855	7.79	0.02
"Jul 06, 2015"	0.00188	0.001924	0.001924	0.001823	12.36	-0.02
"Jul 05, 2015"	0.001924	0.001952	0.00196	0.001905	6.15	-0.01
"Jul 04, 2015"	0.001952	0.001925	0.001952	0.001902	5.64	0.01
"Jul 03, 2015"	0.001925	0.001929	0.001961	0.001887	7.25	0.00
"Jul 02, 2015"	0.001929	0.00194	0.001967	0.001815	6.69	-0.01
"Jul 01, 2015"	0.00194	0.001881	0.00194	0.001874	8.18	0.03
"Jun 30, 2015"	0.001881	0.001922	0.001922	0.001842	6.22	-0.02
"Jun 29, 2015"	0.001922	0.001888	0.002	0.001764	10.47	0.02
"Jun 28, 2015"	0.001888	0.001985	0.001992	0.001755	7.24	-0.05
"Jun 27, 2015"	0.001985	0.001986	0.002021	0.001934	14.29	0.00
"Jun 26, 2015"	0.001986	0.002078	0.002078	0.001963	12.36	-0.04
"Jun 25, 2015"	0.002078	0.002111	0.002136	0.002055	3.16	-0.02
"Jun 24, 2015"	0.002111	0.002159	0.002182	0.00207	10.40	-0.02
"Jun 23, 2015"	0.002159	0.002192	0.002198	0.00211	7.64	-0.02
"Jun 22, 2015"	0.002192	0.00216	0.002195	0.00212	7.13	0.01
"Jun 21, 2015"	0.00216	0.0022	0.002237	0.002128	3.78	-0.02
"Jun 20, 2015"	0.0022	0.002096	0.002285	0.002081	13.36	0.05
"Jun 19, 2015"	0.002096	0.002019	0.0022	0.001984	8.58	0.04
"Jun 18, 2015"	0.002019	0.002017	0.002029	0.001972	5.78	0.00
"Jun 17, 2015"	0.002017	0.002018	0.002149	0.001953	12.48	0.00
"Jun 16, 2015"	0.002018	0.002148	0.002148	0.001991	18.46	-0.06
"Jun 15, 2015"	0.002148	0.00213	0.002175	0.00209	8.65	0.01
"Jun 14, 2015"	0.00213	0.0021	0.002139	0.00203	8.61	0.01
"Jun 13, 2015"	0.0021	0.002068	0.002124	0.002001	17.73	0.02
"Jun 12, 2015"	0.002068	0.002005	0.002151	0.00198	10.78	0.03
"Jun 11, 2015"	0.002005	0.002101	0.00214	0.001995	14.69	-0.05
"Jun 10, 2015"	0.002101	0.002175	0.002177	0.002061	7.27	-0.03
"Jun 09, 2015"	0.002175	0.002368	0.002387	0.00182	14.51	-0.08
"Jun 08, 2015"	0.002368	0.002329	0.002422	0.00224	24.68	0.02
"Jun 07, 2015"	0.002329	0.002334	0.002374	0.00221	47.75	0.00
"Jun 06, 2015"	0.002334	0.002213	0.002375	0.0022	16.49	0.05
"Jun 05, 2015"	0.002213	0.002137	0.002246	0.00211	11.99	0.04
"Jun 04, 2015"	0.002137	0.00201	0.00214	0.002	10.29	0.06
"Jun 03, 2015"	0.00201	0.002043	0.002068	0.002	6.63	-0.02
"Jun 02, 2015"	0.002043	0.002045	0.002062	0.001925	12.13	0.00
"Jun 01, 2015"	0.002045	0.001971	0.002073	0.001938	6.87	0.04
"May 31, 2015"	0.001971	0.001915	0.00216	0.0019	15.33	0.03
"May 30, 2015"	0.001915	0.001858	0.001929	0.001841	4.51	0.03
"May 29, 2015"	0.001858	0.001864	0.00195	0.001851	13.23	0.00
"May 28, 2015"	0.001864	0.001791	0.001911	0.001772	13.86	0.04
"May 27, 2015"	0.001791	0.001869	0.00189	0.00175	14.83	-0.04
"May 26, 2015"	0.001869	0.001965	0.001984	0.001813	19.53	-0.05
"May 25, 2015"	0.001965	0.002	0.002019	0.001946	10.94	-0.02
"May 24, 2015"	0.002	0.001975	0.00202	0.001961	2.38	0.01
"May 23, 2015"	0.001975	0.001918	0.00205	0.0019	7.40	0.03
"May 22, 2015"	0.001918	0.001952	0.002002	0.001755	20.96	-0.02
"May 21, 2015"	0.001952	0.002222	0.002297	0.001678	49.84	-0.12
"May 20, 2015"	0.002222	0.002222	0.002375	0.002098	11.92	0.00
"May 19, 2015"	0.002222	0.002324	0.00236	0.002115	15.82	-0.04
"May 18, 2015"	0.002324	0.002363	0.002539	0.002225	16.10	-0.02
"May 17, 2015"	0.002363	0.00258	0.002649	0.002312	10.46	-0.08
"May 16, 2015"	0.00258	0.002264	0.002649	0.002254	8.35	0.14
"May 15, 2015"	0.002264	0.002097	0.002428	0.002081	16.34	0.08
"May 14, 2015"	0.002097	0.002043	0.0022	0.00201	4.50	0.03
"May 13, 2015"	0.002043	0.001971	0.00215	0.001956	4.76	0.04
"May 12, 2015"	0.001971	0.002121	0.002128	0.00195	5.24	-0.07
"May 11, 2015"	0.002121	0.002389	0.002389	0.002045	4.92	-0.11
"May 10, 2015"	0.002389	0.002145	0.002399	0.00206	7.29	0.11
"May 09, 2015"	0.002145	0.002007	0.002258	0.001985	6.36	0.07
"May 08, 2015"	0.002007	0.002019	0.002043	0.001995	4.34	-0.01
"May 07, 2015"	0.002019	0.002005	0.002054	0.001992	3.63	0.01
"May 06, 2015"	0.002005	0.001955	0.00205	0.0019	5.15	0.03
"May 05, 2015"	0.001955	0.001977	0.00202	0.0019	8.56	-0.01
"May 04, 2015"	0.001977	0.002074	0.002088	0.00196	4.17	-0.05
"May 03, 2015"	0.002074	0.002115	0.002152	0.002053	3.78	-0.02
"May 02, 2015"	0.002115	0.002148	0.002173	0.002071	3.57	-0.02
"May 01, 2015"	0.002148	0.002127	0.002254	0.0021	2.70	0.01
"Apr 30, 2015"	0.002127	0.002199	0.002241	0.00204	7.95	-0.03
"Apr 29, 2015"	0.002199	0.002032	0.002236	0.001991	9.89	0.08
"Apr 28, 2015"	0.002032	0.002467	0.0025	0.001991	13.14	-0.18
"Apr 27, 2015"	0.002467	0.002537	0.002537	0.00242	3.89	-0.03
"Apr 26, 2015"	0.002537	0.002476	0.0026	0.00243	5.76	0.02
"Apr 25, 2015"	0.002476	0.002478	0.002571	0.00225	21.52	0.00
"Apr 24, 2015"	0.002478	0.002599	0.0026	0.002455	4.92	-0.05
"Apr 23, 2015"	0.002599	0.002497	0.00263	0.00238	14.02	0.04
"Apr 22, 2015"	0.002497	0.002725	0.002725	0.002462	7.62	-0.08
"Apr 21, 2015"	0.002725	0.003039	0.003039	0.00255	13.17	-0.10
"Apr 20, 2015"	0.003039	0.002991	0.003051	0.0029	4.41	0.02
"Apr 19, 2015"	0.002991	0.003099	0.003126	0.002975	2.78	-0.03
"Apr 18, 2015"	0.003099	0.00297	0.003263	0.002934	6.51	0.04
"Apr 17, 2015"	0.00297	0.003002	0.003002	0.00283	7.01	-0.01
"Apr 16, 2015"	0.003002	0.003063	0.003063	0.002845	16.41	-0.02
"Apr 15, 2015"	0.003063	0.002999	0.003162	0.002942	4.46	0.02
"Apr 14, 2015"	0.002999	0.003076	0.003144	0.00291	5.92	-0.03
"Apr 13, 2015"	0.003076	0.003399	0.003399	0.00295	9.00	-0.10
"Apr 12, 2015"	0.003399	0.003546	0.00355	0.003371	2.33	-0.04
"Apr 11, 2015"	0.003546	0.003426	0.003607	0.003331	7.18	0.04
"Apr 10, 2015"	0.003426	0.003095	0.003652	0.003017	13.14	0.11
"Apr 09, 2015"	0.003095	0.003088	0.00312	0.00293	4.24	0.00
"Apr 08, 2015"	0.003088	0.003105	0.003328	0.00295	7.73	-0.01
"Apr 07, 2015"	0.003105	0.003105	0.003241	0.002811	78.93	0.00
"Apr 06, 2015"	0.003105	0.0034	0.003509	0.003	40.35	-0.09
"Apr 05, 2015"	0.0034	0.003372	0.0036	0.00285	166.76	0.01
"Apr 04, 2015"	0.003372	0.0035	0.0039	0.002809	162.54	-0.04
"Apr 03, 2015"	0.0035	0.003874	0.00401	0.00343	120.10	-0.10
"Apr 02, 2015"	0.003874	0.00405	0.004156	0.00371	81.92	-0.04
"Apr 01, 2015"	0.00405	0.003691	0.0043	0.003673	107.27	0.10
"Mar 31, 2015"	0.003691	0.00366	0.0043	0.0034	208.81	0.01
"Mar 30, 2015"	0.00366	0.00286	0.003991	0.00286	71.78	0.28
"Mar 29, 2015"	0.00286	0.003191	0.003258	0.00286	6.18	-0.10
"Mar 28, 2015"	0.003191	0.003232	0.003396	0.003108	8.43	-0.01
"Mar 27, 2015"	0.003232	0.002975	0.003286	0.00295	12.97	0.09
"Mar 26, 2015"	0.002975	0.00313	0.003153	0.002941	10.97	-0.05
"Mar 25, 2015"	0.00313	0.002819	0.00316	0.00278	10.02	0.11
"Mar 24, 2015"	0.002819	0.00282	0.002979	0.00273	5.81	0.00
"Mar 23, 2015"	0.00282	0.002948	0.002948	0.00277	7.30	-0.04
"Mar 22, 2015"	0.002948	0.00286	0.003139	0.00279	17.26	0.03
"Mar 21, 2015"	0.00286	0.002453	0.002877	0.002441	9.64	0.17
"Mar 20, 2015"	0.002453	0.002634	0.002634	0.002352	15.64	-0.07
"Mar 19, 2015"	0.002634	0.002452	0.002634	0.00239	38.10	0.07
"Mar 18, 2015"	0.002452	0.002604	0.002659	0.00245	60.38	-0.06
"Mar 17, 2015"	0.002604	0.0028	0.00285	0.002582	59.96	-0.07
"Mar 16, 2015"	0.0028	0.002398	0.002975	0.002374	112.53	0.17
"Mar 15, 2015"	0.002398	0.002355	0.00284	0.002331	73.38	0.02
"Mar 14, 2015"	0.002355	0.002223	0.002578	0.00208	94.79	0.06
"Mar 13, 2015"	0.002223	0.0024	0.0024	0.00218	71.69	-0.07
"Mar 12, 2015"	0.0024	0.002409	0.002428	0.002222	74.58	0.00
"Mar 11, 2015"	0.002409	0.002717	0.00282	0.00221	113.55	-0.11
"Mar 10, 2015"	0.002717	0.002153	0.00283	0.00198	227.77	0.26
"Mar 09, 2015"	0.002153	0.001801	0.002357	0.001695	167.43	0.20
"Mar 08, 2015"	0.001801	0.00168	0.001873	0.00165	63.65	0.07
"Mar 07, 2015"	0.00168	0.00178	0.00183	0.00168	33.48	-0.06
"Mar 06, 2015"	0.00178	0.001716	0.001922	0.00166	137.76	0.04
"Mar 05, 2015"	0.001716	0.001523	0.00172	0.0015	86.78	0.13
"Mar 04, 2015"	0.001523	0.001491	0.001527	0.001401	43.36	0.02
"Mar 03, 2015"	0.001491	0.00157	0.001571	0.00145	40.17	-0.05
"Mar 02, 2015"	0.00157	0.001657	0.001667	0.00145	42.93	-0.05
"Mar 01, 2015"	0.001655	0.00169	0.00169	0.001605	23.73	0.00
"Feb 28, 2015"	0.001649	0.001523	0.00175	0.0015	87.08	0.11
"Feb 27, 2015"	0.001481	0.001523	0.001598	0.00145	71.44	-0.03
"Feb 26, 2015"	0.001523	0.00156	0.00162	0.00145	30.80	-0.02
"Feb 25, 2015"	0.00156	0.001467	0.001589	0.00135	15.73	0.06
"Feb 24, 2015"	0.001467	0.001421	0.001671	0.001401	34.15	0.03
"Feb 23, 2015"	0.001421	0.001309	0.001504	0.001276	29.91	0.09
"Feb 22, 2015"	0.001309	0.001248	0.001313	0.001123	30.41	0.05
"Feb 21, 2015"	0.001248	0.001267	0.001273	0.001208	25.45	-0.01
"Feb 20, 2015"	0.001263	0.00118	0.001275	0.001133	33.58	0.08
"Feb 19, 2015"	0.001171	0.001052	0.001242	0.00105	24.12	0.14
"Feb 18, 2015"	0.001027	0.001042	0.00105	0.000978	5.98	-0.01
"Feb 17, 2015"	0.001042	0.001072	0.001088	0.001031	9.37	-0.03
"Feb 16, 2015"	0.001072	0.001082	0.001099	0.001064	2.83	-0.01
"Feb 15, 2015"	0.001082	0.001085	0.001099	0.001041	6.21	0.00
"Feb 14, 2015"	0.001085	0.001091	0.001104	0.001063	17.40	-0.01
"Feb 13, 2015"	0.001091	0.001112	0.001131	0.001075	8.02	-0.02
"Feb 12, 2015"	0.001112	0.001058	0.00118	0.00104	33.44	0.05
"Feb 11, 2015"	0.001058	0.001106	0.001148	0.00105	23.44	-0.04
"Feb 10, 2015"	0.001106	0.001166	0.001171	0.00107	8.44	-0.05
"Feb 09, 2015"	0.001166	0.001192	0.001192	0.001135	5.14	-0.01
"Feb 08, 2015"	0.001177	0.00121	0.001247	0.001157	4.25	-0.03
"Feb 07, 2015"	0.00121	0.001231	0.001252	0.001181	5.29	-0.01
"Feb 06, 2015"	0.001218	0.001258	0.001268	0.00119	3.43	-0.03
"Feb 05, 2015"	0.001256	0.00128	0.001295	0.00124	5.00	-0.02
"Feb 04, 2015"	0.001284	0.0013	0.00131	0.001208	8.71	-0.01
"Feb 03, 2015"	0.0013	0.00126	0.0013	0.001219	64.80	0.03
"Feb 02, 2015"	0.00126	0.001345	0.001345	0.001229	29.06	-0.06
"Feb 01, 2015"	0.001345	0.001318	0.001358	0.001281	11.41	0.02
"Jan 31, 2015"	0.001318	0.001302	0.00134	0.001278	19.06	0.01
"Jan 30, 2015"	0.001302	0.00135	0.00139	0.001263	54.74	-0.04
